ip,collected_at,source
1.10.16.0,2025-12-21T20:11:42.014587Z,emerging_block_ips
1.19.0.0,2025-12-21T20:11:42.014595Z,emerging_block_ips
1.32.128.0,2025-12-21T20:11:42.014598Z,emerging_block_ips
101.134.0.0,2025-12-21T20:11:42.014602Z,emerging_block_ips
101.203.128.0,2025-12-21T20:11:42.014605Z,emerging_block_ips
101.99.92.0,2025-12-21T20:11:42.014608Z,emerging_block_ips
101.99.95.0,2025-12-21T20:11:42.014610Z,emerging_block_ips
102.135.91.0,2025-12-21T20:11:42.014613Z,emerging_block_ips
102.211.56.0,2025-12-21T20:11:42.014616Z,emerging_block_ips
102.216.254.0,2025-12-21T20:11:42.014619Z,emerging_block_ips
102.220.112.0,2025-12-21T20:11:42.014622Z,emerging_block_ips
102.240.1.0,2025-12-21T20:11:42.014625Z,emerging_block_ips
103.1.43.0,2025-12-21T20:11:42.014628Z,emerging_block_ips
103.102.236.0,2025-12-21T20:11:42.014631Z,emerging_block_ips
103.104.0.0,2025-12-21T20:11:42.014634Z,emerging_block_ips
103.105.240.0,2025-12-21T20:11:42.014637Z,emerging_block_ips
103.107.20.0,2025-12-21T20:11:42.014640Z,emerging_block_ips
103.109.107.0,2025-12-21T20:11:42.014643Z,emerging_block_ips
103.110.104.0,2025-12-21T20:11:42.014646Z,emerging_block_ips
103.113.144.0,2025-12-21T20:11:42.014649Z,emerging_block_ips
103.116.44.0,2025-12-21T20:11:42.014652Z,emerging_block_ips
103.12.220.0,2025-12-21T20:11:42.014655Z,emerging_block_ips
103.13.140.0,2025-12-21T20:11:42.014658Z,emerging_block_ips
103.130.147.0,2025-12-21T20:11:42.014661Z,emerging_block_ips
103.133.136.0,2025-12-21T20:11:42.014664Z,emerging_block_ips
103.135.207.0,2025-12-21T20:11:42.014667Z,emerging_block_ips
103.146.208.0,2025-12-21T20:11:42.014670Z,emerging_block_ips
103.148.42.0,2025-12-21T20:11:42.014673Z,emerging_block_ips
103.153.254.0,2025-12-21T20:11:42.014676Z,emerging_block_ips
103.155.236.0,2025-12-21T20:11:42.014679Z,emerging_block_ips
103.157.75.0,2025-12-21T20:11:42.014682Z,emerging_block_ips
103.171.236.0,2025-12-21T20:11:42.014685Z,emerging_block_ips
103.173.40.0,2025-12-21T20:11:42.014688Z,emerging_block_ips
103.174.130.0,2025-12-21T20:11:42.014691Z,emerging_block_ips
103.175.229.0,2025-12-21T20:11:42.014694Z,emerging_block_ips
103.177.238.0,2025-12-21T20:11:42.014697Z,emerging_block_ips
103.179.148.0,2025-12-21T20:11:42.014700Z,emerging_block_ips
103.185.162.0,2025-12-21T20:11:42.014703Z,emerging_block_ips
103.185.163.0,2025-12-21T20:11:42.014706Z,emerging_block_ips
103.19.116.0,2025-12-21T20:11:42.014709Z,emerging_block_ips
103.19.188.0,2025-12-21T20:11:42.014712Z,emerging_block_ips
103.192.228.0,2025-12-21T20:11:42.014715Z,emerging_block_ips
103.193.184.0,2025-12-21T20:11:42.014718Z,emerging_block_ips
103.195.144.0,2025-12-21T20:11:42.014721Z,emerging_block_ips
103.198.36.0,2025-12-21T20:11:42.014724Z,emerging_block_ips
103.20.156.0,2025-12-21T20:11:42.014727Z,emerging_block_ips
103.20.72.0,2025-12-21T20:11:42.014730Z,emerging_block_ips
103.214.56.0,2025-12-21T20:11:42.014733Z,emerging_block_ips
103.215.80.0,2025-12-21T20:11:42.014735Z,emerging_block_ips
103.228.196.0,2025-12-21T20:11:42.014738Z,emerging_block_ips
103.228.60.0,2025-12-21T20:11:42.014741Z,emerging_block_ips
103.229.124.0,2025-12-21T20:11:42.014744Z,emerging_block_ips
103.23.12.0,2025-12-21T20:11:42.014747Z,emerging_block_ips
103.230.24.0,2025-12-21T20:11:42.014750Z,emerging_block_ips
103.232.200.0,2025-12-21T20:11:42.014753Z,emerging_block_ips
103.232.36.0,2025-12-21T20:11:42.014756Z,emerging_block_ips
103.236.32.0,2025-12-21T20:11:42.014759Z,emerging_block_ips
103.237.86.0,2025-12-21T20:11:42.014762Z,emerging_block_ips
103.240.252.0,2025-12-21T20:11:42.014765Z,emerging_block_ips
103.242.4.0,2025-12-21T20:11:42.014768Z,emerging_block_ips
103.243.240.0,2025-12-21T20:11:42.014771Z,emerging_block_ips
103.248.68.0,2025-12-21T20:11:42.014773Z,emerging_block_ips
103.249.72.0,2025-12-21T20:11:42.014776Z,emerging_block_ips
103.25.88.0,2025-12-21T20:11:42.014779Z,emerging_block_ips
103.250.172.0,2025-12-21T20:11:42.014782Z,emerging_block_ips
103.250.224.0,2025-12-21T20:11:42.014785Z,emerging_block_ips
103.252.228.0,2025-12-21T20:11:42.014788Z,emerging_block_ips
103.253.216.0,2025-12-21T20:11:42.014791Z,emerging_block_ips
103.254.108.0,2025-12-21T20:11:42.014794Z,emerging_block_ips
103.255.56.0,2025-12-21T20:11:42.014797Z,emerging_block_ips
103.29.120.0,2025-12-21T20:11:42.014800Z,emerging_block_ips
103.3.212.0,2025-12-21T20:11:42.014803Z,emerging_block_ips
103.30.12.0,2025-12-21T20:11:42.014806Z,emerging_block_ips
103.32.0.0,2025-12-21T20:11:42.014809Z,emerging_block_ips
103.32.132.0,2025-12-21T20:11:42.014811Z,emerging_block_ips
103.34.0.0,2025-12-21T20:11:42.014814Z,emerging_block_ips
103.36.64.0,2025-12-21T20:11:42.014818Z,emerging_block_ips
103.37.118.0,2025-12-21T20:11:42.014821Z,emerging_block_ips
103.4.32.0,2025-12-21T20:11:42.014823Z,emerging_block_ips
103.43.140.0,2025-12-21T20:11:42.014826Z,emerging_block_ips
103.44.208.0,2025-12-21T20:11:42.014829Z,emerging_block_ips
103.48.36.0,2025-12-21T20:11:42.014832Z,emerging_block_ips
103.5.116.0,2025-12-21T20:11:42.014835Z,emerging_block_ips
103.52.48.0,2025-12-21T20:11:42.014838Z,emerging_block_ips
103.54.164.0,2025-12-21T20:11:42.014841Z,emerging_block_ips
103.55.84.0,2025-12-21T20:11:42.014844Z,emerging_block_ips
103.56.144.0,2025-12-21T20:11:42.014846Z,emerging_block_ips
103.58.68.0,2025-12-21T20:11:42.014849Z,emerging_block_ips
103.6.36.0,2025-12-21T20:11:42.014852Z,emerging_block_ips
103.7.198.0,2025-12-21T20:11:42.014855Z,emerging_block_ips
103.70.114.0,2025-12-21T20:11:42.014858Z,emerging_block_ips
103.72.200.0,2025-12-21T20:11:42.014861Z,emerging_block_ips
103.80.132.0,2025-12-21T20:11:42.014864Z,emerging_block_ips
103.81.44.0,2025-12-21T20:11:42.014867Z,emerging_block_ips
103.83.86.0,2025-12-21T20:11:42.014870Z,emerging_block_ips
103.84.170.0,2025-12-21T20:11:42.014873Z,emerging_block_ips
103.84.196.0,2025-12-21T20:11:42.014876Z,emerging_block_ips
103.95.180.0,2025-12-21T20:11:42.014878Z,emerging_block_ips
103.97.2.0,2025-12-21T20:11:42.014881Z,emerging_block_ips
104.152.52.0,2025-12-21T20:11:42.014884Z,emerging_block_ips
104.193.228.0,2025-12-21T20:11:42.014887Z,emerging_block_ips
104.244.56.0,2025-12-21T20:11:42.014890Z,emerging_block_ips
104.244.80.0,2025-12-21T20:11:42.014893Z,emerging_block_ips
104.250.163.0,2025-12-21T20:11:42.014896Z,emerging_block_ips
104.250.164.0,2025-12-21T20:11:42.014899Z,emerging_block_ips
104.37.1.0,2025-12-21T20:11:42.014902Z,emerging_block_ips
106.48.64.0,2025-12-21T20:11:42.014905Z,emerging_block_ips
106.95.0.0,2025-12-21T20:11:42.014908Z,emerging_block_ips
107.155.224.0,2025-12-21T20:11:42.014911Z,emerging_block_ips
107.182.240.0,2025-12-21T20:11:42.014914Z,emerging_block_ips
109.107.146.0,2025-12-21T20:11:42.014917Z,emerging_block_ips
109.120.136.0,2025-12-21T20:11:42.014920Z,emerging_block_ips
109.236.50.0,2025-12-21T20:11:42.014922Z,emerging_block_ips
110.172.192.0,2025-12-21T20:11:42.014925Z,emerging_block_ips
110.34.48.0,2025-12-21T20:11:42.014928Z,emerging_block_ips
110.34.56.0,2025-12-21T20:11:42.014931Z,emerging_block_ips
110.34.60.0,2025-12-21T20:11:42.014934Z,emerging_block_ips
110.44.104.0,2025-12-21T20:11:42.014937Z,emerging_block_ips
110.44.144.0,2025-12-21T20:11:42.014940Z,emerging_block_ips
110.48.0.0,2025-12-21T20:11:42.014943Z,emerging_block_ips
110.48.192.0,2025-12-21T20:11:42.014946Z,emerging_block_ips
111.66.64.0,2025-12-21T20:11:42.014949Z,emerging_block_ips
111.68.64.0,2025-12-21T20:11:42.014951Z,emerging_block_ips
111.90.156.0,2025-12-21T20:11:42.014954Z,emerging_block_ips
111.90.157.0,2025-12-21T20:11:42.014957Z,emerging_block_ips
112.142.0.0,2025-12-21T20:11:42.014960Z,emerging_block_ips
112.142.160.0,2025-12-21T20:11:42.014963Z,emerging_block_ips
112.143.0.0,2025-12-21T20:11:42.014966Z,emerging_block_ips
112.213.96.0,2025-12-21T20:11:42.014970Z,emerging_block_ips
112.90.143.0,2025-12-21T20:11:42.014973Z,emerging_block_ips
113.212.128.0,2025-12-21T20:11:42.014976Z,emerging_block_ips
113.213.128.0,2025-12-21T20:11:42.014979Z,emerging_block_ips
114.134.28.0,2025-12-21T20:11:42.014982Z,emerging_block_ips
114.231.216.0,2025-12-21T20:11:42.014985Z,emerging_block_ips
114.239.188.0,2025-12-21T20:11:42.014991Z,emerging_block_ips
115.144.69.0,2025-12-21T20:11:42.014999Z,emerging_block_ips
115.167.3.0,2025-12-21T20:11:42.015002Z,emerging_block_ips
115.167.64.0,2025-12-21T20:11:42.015005Z,emerging_block_ips
115.167.9.0,2025-12-21T20:11:42.015008Z,emerging_block_ips
117.120.136.0,2025-12-21T20:11:42.015011Z,emerging_block_ips
117.18.0.0,2025-12-21T20:11:42.015013Z,emerging_block_ips
117.60.11.0,2025-12-21T20:11:42.015016Z,emerging_block_ips
118.107.16.0,2025-12-21T20:11:42.015019Z,emerging_block_ips
119.13.179.0,2025-12-21T20:11:42.015022Z,emerging_block_ips
119.161.184.0,2025-12-21T20:11:42.015025Z,emerging_block_ips
119.227.224.0,2025-12-21T20:11:42.015028Z,emerging_block_ips
119.232.0.0,2025-12-21T20:11:42.015031Z,emerging_block_ips
119.27.192.0,2025-12-21T20:11:42.015034Z,emerging_block_ips
119.58.0.0,2025-12-21T20:11:42.015037Z,emerging_block_ips
119.82.12.0,2025-12-21T20:11:42.015040Z,emerging_block_ips
120.128.128.0,2025-12-21T20:11:42.015043Z,emerging_block_ips
120.128.192.0,2025-12-21T20:11:42.015045Z,emerging_block_ips
120.129.0.0,2025-12-21T20:11:42.015048Z,emerging_block_ips
120.129.128.0,2025-12-21T20:11:42.015051Z,emerging_block_ips
120.130.0.0,2025-12-21T20:11:42.015054Z,emerging_block_ips
120.130.128.0,2025-12-21T20:11:42.015057Z,emerging_block_ips
120.233.59.0,2025-12-21T20:11:42.015060Z,emerging_block_ips
120.30.0.0,2025-12-21T20:11:42.015063Z,emerging_block_ips
120.30.64.0,2025-12-21T20:11:42.015066Z,emerging_block_ips
120.64.0.0,2025-12-21T20:11:42.015069Z,emerging_block_ips
120.67.0.0,2025-12-21T20:11:42.015072Z,emerging_block_ips
121.127.233.0,2025-12-21T20:11:42.015075Z,emerging_block_ips
121.14.35.0,2025-12-21T20:11:42.015077Z,emerging_block_ips
121.234.236.0,2025-12-21T20:11:42.015081Z,emerging_block_ips
122.10.112.0,2025-12-21T20:11:42.015084Z,emerging_block_ips
122.129.0.0,2025-12-21T20:11:42.015087Z,emerging_block_ips
123.108.0.0,2025-12-21T20:11:42.015090Z,emerging_block_ips
123.108.108.0,2025-12-21T20:11:42.015093Z,emerging_block_ips
123.136.80.0,2025-12-21T20:11:42.015096Z,emerging_block_ips
123.242.0.0,2025-12-21T20:11:42.015099Z,emerging_block_ips
123.253.204.0,2025-12-21T20:11:42.015102Z,emerging_block_ips
124.147.128.0,2025-12-21T20:11:42.015105Z,emerging_block_ips
124.157.0.0,2025-12-21T20:11:42.015108Z,emerging_block_ips
124.198.131.0,2025-12-21T20:11:42.015111Z,emerging_block_ips
124.198.132.0,2025-12-21T20:11:42.015114Z,emerging_block_ips
124.20.0.0,2025-12-21T20:11:42.015116Z,emerging_block_ips
124.21.0.0,2025-12-21T20:11:42.015119Z,emerging_block_ips
124.242.0.0,2025-12-21T20:11:42.015122Z,emerging_block_ips
124.68.0.0,2025-12-21T20:11:42.015125Z,emerging_block_ips
125.31.192.0,2025-12-21T20:11:42.015128Z,emerging_block_ips
125.58.0.0,2025-12-21T20:11:42.015131Z,emerging_block_ips
129.227.90.0,2025-12-21T20:11:42.015134Z,emerging_block_ips
129.56.0.0,2025-12-21T20:11:42.015137Z,emerging_block_ips
130.12.180.0,2025-12-21T20:11:42.015140Z,emerging_block_ips
130.148.0.0,2025-12-21T20:11:42.015143Z,emerging_block_ips
130.196.0.0,2025-12-21T20:11:42.015146Z,emerging_block_ips
130.222.0.0,2025-12-21T20:11:42.015148Z,emerging_block_ips
131.0.152.0,2025-12-21T20:11:42.015151Z,emerging_block_ips
131.108.16.0,2025-12-21T20:11:42.015154Z,emerging_block_ips
134.122.128.0,2025-12-21T20:11:42.015157Z,emerging_block_ips
134.122.168.0,2025-12-21T20:11:42.015160Z,emerging_block_ips
134.122.188.0,2025-12-21T20:11:42.015163Z,emerging_block_ips
134.122.189.0,2025-12-21T20:11:42.015166Z,emerging_block_ips
134.18.0.0,2025-12-21T20:11:42.015169Z,emerging_block_ips
136.230.0.0,2025-12-21T20:11:42.015172Z,emerging_block_ips
137.105.0.0,2025-12-21T20:11:42.015175Z,emerging_block_ips
137.218.0.0,2025-12-21T20:11:42.015178Z,emerging_block_ips
137.220.128.0,2025-12-21T20:11:42.015180Z,emerging_block_ips
137.42.0.0,2025-12-21T20:11:42.015183Z,emerging_block_ips
137.59.60.0,2025-12-21T20:11:42.015186Z,emerging_block_ips
137.72.0.0,2025-12-21T20:11:42.015189Z,emerging_block_ips
138.125.0.0,2025-12-21T20:11:42.015192Z,emerging_block_ips
138.185.116.0,2025-12-21T20:11:42.015195Z,emerging_block_ips
138.219.172.0,2025-12-21T20:11:42.015198Z,emerging_block_ips
138.226.236.0,2025-12-21T20:11:42.015201Z,emerging_block_ips
138.226.238.0,2025-12-21T20:11:42.015204Z,emerging_block_ips
138.249.24.0,2025-12-21T20:11:42.015207Z,emerging_block_ips
138.249.32.0,2025-12-21T20:11:42.015210Z,emerging_block_ips
138.249.40.0,2025-12-21T20:11:42.015212Z,emerging_block_ips
138.36.136.0,2025-12-21T20:11:42.015215Z,emerging_block_ips
138.36.92.0,2025-12-21T20:11:42.015218Z,emerging_block_ips
138.59.204.0,2025-12-21T20:11:42.015221Z,emerging_block_ips
138.59.4.0,2025-12-21T20:11:42.015224Z,emerging_block_ips
138.94.216.0,2025-12-21T20:11:42.015227Z,emerging_block_ips
138.97.156.0,2025-12-21T20:11:42.015230Z,emerging_block_ips
138.99.36.0,2025-12-21T20:11:42.015233Z,emerging_block_ips
139.183.192.0,2025-12-21T20:11:42.015236Z,emerging_block_ips
139.190.234.0,2025-12-21T20:11:42.015239Z,emerging_block_ips
14.128.32.0,2025-12-21T20:11:42.015242Z,emerging_block_ips
14.128.48.0,2025-12-21T20:11:42.015244Z,emerging_block_ips
14.152.94.0,2025-12-21T20:11:42.015247Z,emerging_block_ips
140.82.64.0,2025-12-21T20:11:42.015250Z,emerging_block_ips
140.82.96.0,2025-12-21T20:11:42.015253Z,emerging_block_ips
141.178.0.0,2025-12-21T20:11:42.015256Z,emerging_block_ips
141.206.128.0,2025-12-21T20:11:42.015259Z,emerging_block_ips
141.98.10.0,2025-12-21T20:11:42.015262Z,emerging_block_ips
141.98.11.0,2025-12-21T20:11:42.015265Z,emerging_block_ips
141.98.84.0,2025-12-21T20:11:42.015268Z,emerging_block_ips
142.102.0.0,2025-12-21T20:11:42.015271Z,emerging_block_ips
143.0.236.0,2025-12-21T20:11:42.015274Z,emerging_block_ips
143.92.32.0,2025-12-21T20:11:42.015276Z,emerging_block_ips
143.92.43.0,2025-12-21T20:11:42.015279Z,emerging_block_ips
143.92.48.0,2025-12-21T20:11:42.015282Z,emerging_block_ips
144.215.0.0,2025-12-21T20:11:42.015285Z,emerging_block_ips
145.231.0.0,2025-12-21T20:11:42.015301Z,emerging_block_ips
146.106.0.0,2025-12-21T20:11:42.015304Z,emerging_block_ips
146.185.222.0,2025-12-21T20:11:42.015307Z,emerging_block_ips
146.19.5.0,2025-12-21T20:11:42.015310Z,emerging_block_ips
146.252.0.0,2025-12-21T20:11:42.015313Z,emerging_block_ips
146.3.0.0,2025-12-21T20:11:42.015316Z,emerging_block_ips
146.47.0.0,2025-12-21T20:11:42.015319Z,emerging_block_ips
146.51.0.0,2025-12-21T20:11:42.015322Z,emerging_block_ips
147.119.0.0,2025-12-21T20:11:42.015325Z,emerging_block_ips
147.16.0.0,2025-12-21T20:11:42.015328Z,emerging_block_ips
147.185.132.0,2025-12-21T20:11:42.015331Z,emerging_block_ips
147.185.221.0,2025-12-21T20:11:42.015334Z,emerging_block_ips
147.45.124.0,2025-12-21T20:11:42.015337Z,emerging_block_ips
147.45.222.0,2025-12-21T20:11:42.015340Z,emerging_block_ips
147.45.47.0,2025-12-21T20:11:42.015343Z,emerging_block_ips
147.7.0.0,2025-12-21T20:11:42.015345Z,emerging_block_ips
147.78.20.0,2025-12-21T20:11:42.015348Z,emerging_block_ips
147.78.224.0,2025-12-21T20:11:42.015351Z,emerging_block_ips
148.148.0.0,2025-12-21T20:11:42.015354Z,emerging_block_ips
148.178.0.0,2025-12-21T20:11:42.015357Z,emerging_block_ips
148.178.22.0,2025-12-21T20:11:42.015360Z,emerging_block_ips
148.185.0.0,2025-12-21T20:11:42.015363Z,emerging_block_ips
148.248.0.0,2025-12-21T20:11:42.015366Z,emerging_block_ips
149.13.187.0,2025-12-21T20:11:42.015369Z,emerging_block_ips
149.57.11.0,2025-12-21T20:11:42.015372Z,emerging_block_ips
149.57.16.0,2025-12-21T20:11:42.015374Z,emerging_block_ips
149.6.125.0,2025-12-21T20:11:42.015377Z,emerging_block_ips
15.204.219.215,2025-12-21T20:11:42.015380Z,emerging_block_ips
150.10.0.0,2025-12-21T20:11:42.015383Z,emerging_block_ips
150.129.212.0,2025-12-21T20:11:42.015386Z,emerging_block_ips
150.22.128.0,2025-12-21T20:11:42.015389Z,emerging_block_ips
150.242.120.0,2025-12-21T20:11:42.015392Z,emerging_block_ips
150.25.0.0,2025-12-21T20:11:42.015395Z,emerging_block_ips
150.40.96.0,2025-12-21T20:11:42.015398Z,emerging_block_ips
151.212.0.0,2025-12-21T20:11:42.015401Z,emerging_block_ips
152.109.0.0,2025-12-21T20:11:42.015404Z,emerging_block_ips
153.14.0.0,2025-12-21T20:11:42.015407Z,emerging_block_ips
153.93.0.0,2025-12-21T20:11:42.015413Z,emerging_block_ips
154.209.190.0,2025-12-21T20:11:42.015416Z,emerging_block_ips
154.211.12.0,2025-12-21T20:11:42.015419Z,emerging_block_ips
154.213.200.0,2025-12-21T20:11:42.015422Z,emerging_block_ips
154.213.201.0,2025-12-21T20:11:42.015425Z,emerging_block_ips
154.216.188.0,2025-12-21T20:11:42.015428Z,emerging_block_ips
154.43.61.0,2025-12-21T20:11:42.015431Z,emerging_block_ips
154.51.232.0,2025-12-21T20:11:42.015434Z,emerging_block_ips
154.51.236.0,2025-12-21T20:11:42.015437Z,emerging_block_ips
154.62.16.0,2025-12-21T20:11:42.015440Z,emerging_block_ips
154.62.20.0,2025-12-21T20:11:42.015443Z,emerging_block_ips
154.62.24.0,2025-12-21T20:11:42.015446Z,emerging_block_ips
154.62.28.0,2025-12-21T20:11:42.015449Z,emerging_block_ips
154.85.48.0,2025-12-21T20:11:42.015451Z,emerging_block_ips
155.108.0.0,2025-12-21T20:11:42.015454Z,emerging_block_ips
155.159.0.0,2025-12-21T20:11:42.015457Z,emerging_block_ips
155.212.156.0,2025-12-21T20:11:42.015460Z,emerging_block_ips
155.233.0.0,2025-12-21T20:11:42.015463Z,emerging_block_ips
155.249.0.0,2025-12-21T20:11:42.015466Z,emerging_block_ips
155.66.0.0,2025-12-21T20:11:42.015469Z,emerging_block_ips
155.71.0.0,2025-12-21T20:11:42.015472Z,emerging_block_ips
155.73.0.0,2025-12-21T20:11:42.015475Z,emerging_block_ips
155.94.129.0,2025-12-21T20:11:42.015478Z,emerging_block_ips
155.94.203.0,2025-12-21T20:11:42.015481Z,emerging_block_ips
156.253.231.0,2025-12-21T20:11:42.015483Z,emerging_block_ips
156.96.0.0,2025-12-21T20:11:42.015486Z,emerging_block_ips
157.115.0.0,2025-12-21T20:11:42.015489Z,emerging_block_ips
157.119.64.0,2025-12-21T20:11:42.015492Z,emerging_block_ips
157.148.116.0,2025-12-21T20:11:42.015495Z,emerging_block_ips
157.162.0.0,2025-12-21T20:11:42.015498Z,emerging_block_ips
157.186.0.0,2025-12-21T20:11:42.015501Z,emerging_block_ips
157.20.182.0,2025-12-21T20:11:42.015504Z,emerging_block_ips
158.249.0.0,2025-12-21T20:11:42.015507Z,emerging_block_ips
158.94.208.0,2025-12-21T20:11:42.015510Z,emerging_block_ips
159.219.0.0,2025-12-21T20:11:42.015513Z,emerging_block_ips
159.253.120.0,2025-12-21T20:11:42.015516Z,emerging_block_ips
159.34.0.0,2025-12-21T20:11:42.015519Z,emerging_block_ips
159.80.0.0,2025-12-21T20:11:42.015521Z,emerging_block_ips
160.104.0.0,2025-12-21T20:11:42.015524Z,emerging_block_ips
160.116.0.0,2025-12-21T20:11:42.015527Z,emerging_block_ips
160.117.0.0,2025-12-21T20:11:42.015530Z,emerging_block_ips
160.121.0.0,2025-12-21T20:11:42.015533Z,emerging_block_ips
160.122.0.0,2025-12-21T20:11:42.015536Z,emerging_block_ips
160.14.0.0,2025-12-21T20:11:42.015539Z,emerging_block_ips
160.180.0.0,2025-12-21T20:11:42.015542Z,emerging_block_ips
160.188.0.0,2025-12-21T20:11:42.015545Z,emerging_block_ips
160.21.0.0,2025-12-21T20:11:42.015547Z,emerging_block_ips
160.240.0.0,2025-12-21T20:11:42.015550Z,emerging_block_ips
161.0.0.0,2025-12-21T20:11:42.015553Z,emerging_block_ips
161.0.68.0,2025-12-21T20:11:42.015556Z,emerging_block_ips
161.1.0.0,2025-12-21T20:11:42.015559Z,emerging_block_ips
161.248.178.0,2025-12-21T20:11:42.015562Z,emerging_block_ips
161.60.0.0,2025-12-21T20:11:42.015565Z,emerging_block_ips
162.208.124.0,2025-12-21T20:11:42.015568Z,emerging_block_ips
162.243.103.246,2025-12-21T20:11:42.015571Z,emerging_block_ips
162.249.20.0,2025-12-21T20:11:42.015574Z,emerging_block_ips
162.71.0.0,2025-12-21T20:11:42.015577Z,emerging_block_ips
163.123.191.0,2025-12-21T20:11:42.015579Z,emerging_block_ips
163.198.0.0,2025-12-21T20:11:42.015582Z,emerging_block_ips
163.250.0.0,2025-12-21T20:11:42.015585Z,emerging_block_ips
163.254.0.0,2025-12-21T20:11:42.015588Z,emerging_block_ips
163.47.19.0,2025-12-21T20:11:42.015591Z,emerging_block_ips
163.50.0.0,2025-12-21T20:11:42.015594Z,emerging_block_ips
164.155.0.0,2025-12-21T20:11:42.015597Z,emerging_block_ips
164.215.103.0,2025-12-21T20:11:42.015600Z,emerging_block_ips
164.6.0.0,2025-12-21T20:11:42.015603Z,emerging_block_ips
164.79.0.0,2025-12-21T20:11:42.015606Z,emerging_block_ips
164.88.0.0,2025-12-21T20:11:42.015608Z,emerging_block_ips
165.102.0.0,2025-12-21T20:11:42.015611Z,emerging_block_ips
165.154.192.0,2025-12-21T20:11:42.015614Z,emerging_block_ips
165.154.252.0,2025-12-21T20:11:42.015617Z,emerging_block_ips
165.3.0.0,2025-12-21T20:11:42.015620Z,emerging_block_ips
167.158.0.0,2025-12-21T20:11:42.015623Z,emerging_block_ips
167.224.48.0,2025-12-21T20:11:42.015626Z,emerging_block_ips
167.249.200.0,2025-12-21T20:11:42.015629Z,emerging_block_ips
167.74.0.0,2025-12-21T20:11:42.015632Z,emerging_block_ips
167.86.75.145,2025-12-21T20:11:42.015635Z,emerging_block_ips
167.94.138.0,2025-12-21T20:11:42.015638Z,emerging_block_ips
167.94.145.0,2025-12-21T20:11:42.015640Z,emerging_block_ips
168.0.212.0,2025-12-21T20:11:42.015643Z,emerging_block_ips
168.151.128.0,2025-12-21T20:11:42.015646Z,emerging_block_ips
168.151.145.0,2025-12-21T20:11:42.015649Z,emerging_block_ips
168.151.146.0,2025-12-21T20:11:42.015652Z,emerging_block_ips
168.151.148.0,2025-12-21T20:11:42.015655Z,emerging_block_ips
168.151.152.0,2025-12-21T20:11:42.015658Z,emerging_block_ips
168.151.157.0,2025-12-21T20:11:42.015661Z,emerging_block_ips
168.151.158.0,2025-12-21T20:11:42.015664Z,emerging_block_ips
168.151.160.0,2025-12-21T20:11:42.015667Z,emerging_block_ips
168.151.176.0,2025-12-21T20:11:42.015670Z,emerging_block_ips
168.151.184.0,2025-12-21T20:11:42.015672Z,emerging_block_ips
168.151.192.0,2025-12-21T20:11:42.015675Z,emerging_block_ips
168.151.208.0,2025-12-21T20:11:42.015678Z,emerging_block_ips
168.151.21.0,2025-12-21T20:11:42.015681Z,emerging_block_ips
168.151.216.0,2025-12-21T20:11:42.015684Z,emerging_block_ips
168.151.220.0,2025-12-21T20:11:42.015687Z,emerging_block_ips
168.151.224.0,2025-12-21T20:11:42.015690Z,emerging_block_ips
168.151.228.0,2025-12-21T20:11:42.015693Z,emerging_block_ips
168.151.232.0,2025-12-21T20:11:42.015696Z,emerging_block_ips
168.151.240.0,2025-12-21T20:11:42.015699Z,emerging_block_ips
168.151.248.0,2025-12-21T20:11:42.015702Z,emerging_block_ips
168.151.252.0,2025-12-21T20:11:42.015705Z,emerging_block_ips
168.151.254.0,2025-12-21T20:11:42.015708Z,emerging_block_ips
168.151.32.0,2025-12-21T20:11:42.015711Z,emerging_block_ips
168.151.4.0,2025-12-21T20:11:42.015714Z,emerging_block_ips
168.151.44.0,2025-12-21T20:11:42.015716Z,emerging_block_ips
168.151.48.0,2025-12-21T20:11:42.015719Z,emerging_block_ips
168.151.52.0,2025-12-21T20:11:42.015722Z,emerging_block_ips
168.151.54.0,2025-12-21T20:11:42.015725Z,emerging_block_ips
168.151.56.0,2025-12-21T20:11:42.015728Z,emerging_block_ips
168.151.64.0,2025-12-21T20:11:42.015731Z,emerging_block_ips
168.151.68.0,2025-12-21T20:11:42.015734Z,emerging_block_ips
168.151.72.0,2025-12-21T20:11:42.015737Z,emerging_block_ips
168.151.80.0,2025-12-21T20:11:42.015740Z,emerging_block_ips
168.151.96.0,2025-12-21T20:11:42.015743Z,emerging_block_ips
168.181.52.0,2025-12-21T20:11:42.015746Z,emerging_block_ips
168.195.76.0,2025-12-21T20:11:42.015749Z,emerging_block_ips
168.196.236.0,2025-12-21T20:11:42.015751Z,emerging_block_ips
168.196.240.0,2025-12-21T20:11:42.015754Z,emerging_block_ips
168.198.0.0,2025-12-21T20:11:42.015757Z,emerging_block_ips
168.206.0.0,2025-12-21T20:11:42.015760Z,emerging_block_ips
168.227.140.0,2025-12-21T20:11:42.015763Z,emerging_block_ips
168.64.0.0,2025-12-21T20:11:42.015766Z,emerging_block_ips
168.76.0.0,2025-12-21T20:11:42.015769Z,emerging_block_ips
168.80.0.0,2025-12-21T20:11:42.015772Z,emerging_block_ips
169.129.0.0,2025-12-21T20:11:42.015775Z,emerging_block_ips
169.136.224.0,2025-12-21T20:11:42.015778Z,emerging_block_ips
169.239.152.0,2025-12-21T20:11:42.015781Z,emerging_block_ips
169.245.0.0,2025-12-21T20:11:42.015783Z,emerging_block_ips
169.246.0.0,2025-12-21T20:11:42.015786Z,emerging_block_ips
169.248.0.0,2025-12-21T20:11:42.015789Z,emerging_block_ips
170.113.0.0,2025-12-21T20:11:42.015792Z,emerging_block_ips
170.130.43.0,2025-12-21T20:11:42.015795Z,emerging_block_ips
170.179.0.0,2025-12-21T20:11:42.015798Z,emerging_block_ips
170.244.240.0,2025-12-21T20:11:42.015801Z,emerging_block_ips
170.247.220.0,2025-12-21T20:11:42.015804Z,emerging_block_ips
170.67.0.0,2025-12-21T20:11:42.015810Z,emerging_block_ips
170.83.232.0,2025-12-21T20:11:42.015813Z,emerging_block_ips
171.26.0.0,2025-12-21T20:11:42.015816Z,emerging_block_ips
172.111.128.0,2025-12-21T20:11:42.015819Z,emerging_block_ips
172.247.38.0,2025-12-21T20:11:42.015822Z,emerging_block_ips
172.94.96.0,2025-12-21T20:11:42.015824Z,emerging_block_ips
172.94.99.0,2025-12-21T20:11:42.015827Z,emerging_block_ips
173.44.0.0,2025-12-21T20:11:42.015830Z,emerging_block_ips
173.44.141.0,2025-12-21T20:11:42.015833Z,emerging_block_ips
175.103.64.0,2025-12-21T20:11:42.015836Z,emerging_block_ips
175.110.99.0,2025-12-21T20:11:42.015839Z,emerging_block_ips
176.114.71.0,2025-12-21T20:11:42.015842Z,emerging_block_ips
176.117.107.0,2025-12-21T20:11:42.015845Z,emerging_block_ips
176.126.192.0,2025-12-21T20:11:42.015848Z,emerging_block_ips
176.126.194.0,2025-12-21T20:11:42.015851Z,emerging_block_ips
176.223.116.0,2025-12-21T20:11:42.015854Z,emerging_block_ips
176.223.118.0,2025-12-21T20:11:42.015857Z,emerging_block_ips
176.46.138.0,2025-12-21T20:11:42.015860Z,emerging_block_ips
176.46.141.0,2025-12-21T20:11:42.015863Z,emerging_block_ips
176.46.152.0,2025-12-21T20:11:42.015866Z,emerging_block_ips
176.46.157.0,2025-12-21T20:11:42.015869Z,emerging_block_ips
176.65.132.0,2025-12-21T20:11:42.015872Z,emerging_block_ips
176.65.134.0,2025-12-21T20:11:42.015875Z,emerging_block_ips
176.65.138.0,2025-12-21T20:11:42.015877Z,emerging_block_ips
176.65.148.0,2025-12-21T20:11:42.015880Z,emerging_block_ips
176.65.149.0,2025-12-21T20:11:42.015883Z,emerging_block_ips
176.98.185.0,2025-12-21T20:11:42.015886Z,emerging_block_ips
176.98.186.0,2025-12-21T20:11:42.015889Z,emerging_block_ips
176.98.187.0,2025-12-21T20:11:42.015892Z,emerging_block_ips
177.234.136.0,2025-12-21T20:11:42.015895Z,emerging_block_ips
178.16.52.0,2025-12-21T20:11:42.015898Z,emerging_block_ips
178.22.24.0,2025-12-21T20:11:42.015901Z,emerging_block_ips
178.72.138.0,2025-12-21T20:11:42.015904Z,emerging_block_ips
179.43.175.0,2025-12-21T20:11:42.015906Z,emerging_block_ips
180.178.189.0,2025-12-21T20:11:42.015909Z,emerging_block_ips
180.178.192.0,2025-12-21T20:11:42.015912Z,emerging_block_ips
180.235.124.0,2025-12-21T20:11:42.015915Z,emerging_block_ips
181.177.64.0,2025-12-21T20:11:42.015918Z,emerging_block_ips
185.11.61.0,2025-12-21T20:11:42.015921Z,emerging_block_ips
185.110.0.0,2025-12-21T20:11:42.015924Z,emerging_block_ips
185.116.172.0,2025-12-21T20:11:42.015927Z,emerging_block_ips
185.116.175.0,2025-12-21T20:11:42.015930Z,emerging_block_ips
185.120.8.0,2025-12-21T20:11:42.015933Z,emerging_block_ips
185.122.128.0,2025-12-21T20:11:42.015936Z,emerging_block_ips
185.127.44.0,2025-12-21T20:11:42.015939Z,emerging_block_ips
185.127.56.0,2025-12-21T20:11:42.015942Z,emerging_block_ips
185.127.68.0,2025-12-21T20:11:42.015944Z,emerging_block_ips
185.127.76.0,2025-12-21T20:11:42.015947Z,emerging_block_ips
185.129.208.0,2025-12-21T20:11:42.015950Z,emerging_block_ips
185.129.8.0,2025-12-21T20:11:42.015953Z,emerging_block_ips
185.130.36.0,2025-12-21T20:11:42.015956Z,emerging_block_ips
185.132.8.0,2025-12-21T20:11:42.015959Z,emerging_block_ips
185.134.48.0,2025-12-21T20:11:42.015962Z,emerging_block_ips
185.137.98.0,2025-12-21T20:11:42.015965Z,emerging_block_ips
185.14.192.0,2025-12-21T20:11:42.015968Z,emerging_block_ips
185.144.180.0,2025-12-21T20:11:42.015971Z,emerging_block_ips
185.156.73.0,2025-12-21T20:11:42.015974Z,emerging_block_ips
185.161.148.0,2025-12-21T20:11:42.015977Z,emerging_block_ips
185.169.4.0,2025-12-21T20:11:42.015979Z,emerging_block_ips
185.189.73.0,2025-12-21T20:11:42.015982Z,emerging_block_ips
185.192.36.0,2025-12-21T20:11:42.015985Z,emerging_block_ips
185.196.10.0,2025-12-21T20:11:42.015988Z,emerging_block_ips
185.196.8.0,2025-12-21T20:11:42.015991Z,emerging_block_ips
185.208.156.0,2025-12-21T20:11:42.015994Z,emerging_block_ips
185.21.8.0,2025-12-21T20:11:42.015997Z,emerging_block_ips
185.212.240.0,2025-12-21T20:11:42.016000Z,emerging_block_ips
185.215.132.0,2025-12-21T20:11:42.016003Z,emerging_block_ips
185.215.247.0,2025-12-21T20:11:42.016006Z,emerging_block_ips
185.230.14.0,2025-12-21T20:11:42.016009Z,emerging_block_ips
185.231.225.0,2025-12-21T20:11:42.016012Z,emerging_block_ips
185.232.45.0,2025-12-21T20:11:42.016015Z,emerging_block_ips
185.237.104.0,2025-12-21T20:11:42.016017Z,emerging_block_ips
185.238.176.0,2025-12-21T20:11:42.016020Z,emerging_block_ips
185.239.44.0,2025-12-21T20:11:42.016023Z,emerging_block_ips
185.241.208.0,2025-12-21T20:11:42.016026Z,emerging_block_ips
185.242.226.0,2025-12-21T20:11:42.016029Z,emerging_block_ips
185.242.246.0,2025-12-21T20:11:42.016032Z,emerging_block_ips
185.243.96.0,2025-12-21T20:11:42.016035Z,emerging_block_ips
185.244.249.0,2025-12-21T20:11:42.016038Z,emerging_block_ips
185.248.192.0,2025-12-21T20:11:42.016041Z,emerging_block_ips
185.255.192.0,2025-12-21T20:11:42.016044Z,emerging_block_ips
185.30.168.0,2025-12-21T20:11:42.016047Z,emerging_block_ips
185.36.80.0,2025-12-21T20:11:42.016050Z,emerging_block_ips
185.36.81.0,2025-12-21T20:11:42.016053Z,emerging_block_ips
185.36.82.0,2025-12-21T20:11:42.016055Z,emerging_block_ips
185.37.195.0,2025-12-21T20:11:42.016058Z,emerging_block_ips
185.39.19.0,2025-12-21T20:11:42.016061Z,emerging_block_ips
185.42.164.0,2025-12-21T20:11:42.016064Z,emerging_block_ips
185.42.165.0,2025-12-21T20:11:42.016067Z,emerging_block_ips
185.46.84.0,2025-12-21T20:11:42.016070Z,emerging_block_ips
185.51.120.0,2025-12-21T20:11:42.016073Z,emerging_block_ips
185.56.83.0,2025-12-21T20:11:42.016076Z,emerging_block_ips
185.64.23.0,2025-12-21T20:11:42.016079Z,emerging_block_ips
185.68.152.0,2025-12-21T20:11:42.016082Z,emerging_block_ips
185.68.185.0,2025-12-21T20:11:42.016085Z,emerging_block_ips
185.7.215.0,2025-12-21T20:11:42.016087Z,emerging_block_ips
185.77.221.0,2025-12-21T20:11:42.016090Z,emerging_block_ips
185.77.248.0,2025-12-21T20:11:42.016093Z,emerging_block_ips
185.81.68.0,2025-12-21T20:11:42.016096Z,emerging_block_ips
185.93.89.0,2025-12-21T20:11:42.016099Z,emerging_block_ips
186.179.0.0,2025-12-21T20:11:42.016102Z,emerging_block_ips
186.65.112.0,2025-12-21T20:11:42.016105Z,emerging_block_ips
187.19.64.0,2025-12-21T20:11:42.016108Z,emerging_block_ips
187.60.0.0,2025-12-21T20:11:42.016111Z,emerging_block_ips
188.172.160.0,2025-12-21T20:11:42.016113Z,emerging_block_ips
188.190.10.0,2025-12-21T20:11:42.016116Z,emerging_block_ips
188.208.109.0,2025-12-21T20:11:42.016119Z,emerging_block_ips
188.208.48.0,2025-12-21T20:11:42.016122Z,emerging_block_ips
188.208.52.0,2025-12-21T20:11:42.016125Z,emerging_block_ips
188.213.206.0,2025-12-21T20:11:42.016128Z,emerging_block_ips
188.213.214.0,2025-12-21T20:11:42.016131Z,emerging_block_ips
188.213.23.0,2025-12-21T20:11:42.016134Z,emerging_block_ips
188.213.248.0,2025-12-21T20:11:42.016137Z,emerging_block_ips
188.213.252.0,2025-12-21T20:11:42.016140Z,emerging_block_ips
188.214.140.0,2025-12-21T20:11:42.016143Z,emerging_block_ips
188.214.155.0,2025-12-21T20:11:42.016146Z,emerging_block_ips
188.214.193.0,2025-12-21T20:11:42.016149Z,emerging_block_ips
188.214.94.0,2025-12-21T20:11:42.016151Z,emerging_block_ips
188.215.95.0,2025-12-21T20:11:42.016154Z,emerging_block_ips
188.240.14.0,2025-12-21T20:11:42.016157Z,emerging_block_ips
188.241.177.0,2025-12-21T20:11:42.016160Z,emerging_block_ips
188.241.214.0,2025-12-21T20:11:42.016163Z,emerging_block_ips
188.247.230.0,2025-12-21T20:11:42.016166Z,emerging_block_ips
190.168.128.0,2025-12-21T20:11:42.016169Z,emerging_block_ips
190.168.192.0,2025-12-21T20:11:42.016172Z,emerging_block_ips
190.185.108.0,2025-12-21T20:11:42.016175Z,emerging_block_ips
192.100.88.0,2025-12-21T20:11:42.016178Z,emerging_block_ips
192.101.181.0,2025-12-21T20:11:42.016181Z,emerging_block_ips
192.101.187.0,2025-12-21T20:11:42.016184Z,emerging_block_ips
192.101.200.0,2025-12-21T20:11:42.016187Z,emerging_block_ips
192.101.208.0,2025-12-21T20:11:42.016189Z,emerging_block_ips
192.101.224.0,2025-12-21T20:11:42.016192Z,emerging_block_ips
192.101.240.0,2025-12-21T20:11:42.016195Z,emerging_block_ips
192.101.248.0,2025-12-21T20:11:42.016198Z,emerging_block_ips
192.101.44.0,2025-12-21T20:11:42.016204Z,emerging_block_ips
192.109.138.0,2025-12-21T20:11:42.016207Z,emerging_block_ips
192.111.228.0,2025-12-21T20:11:42.016210Z,emerging_block_ips
192.119.167.0,2025-12-21T20:11:42.016213Z,emerging_block_ips
192.119.173.0,2025-12-21T20:11:42.016216Z,emerging_block_ips
192.132.100.0,2025-12-21T20:11:42.016219Z,emerging_block_ips
192.133.3.0,2025-12-21T20:11:42.016222Z,emerging_block_ips
192.139.74.0,2025-12-21T20:11:42.016225Z,emerging_block_ips
192.147.254.0,2025-12-21T20:11:42.016228Z,emerging_block_ips
192.150.239.0,2025-12-21T20:11:42.016231Z,emerging_block_ips
192.152.194.0,2025-12-21T20:11:42.016233Z,emerging_block_ips
192.153.55.0,2025-12-21T20:11:42.016236Z,emerging_block_ips
192.154.11.0,2025-12-21T20:11:42.016239Z,emerging_block_ips
192.159.99.0,2025-12-21T20:11:42.016242Z,emerging_block_ips
192.160.44.0,2025-12-21T20:11:42.016245Z,emerging_block_ips
192.189.16.0,2025-12-21T20:11:42.016248Z,emerging_block_ips
192.190.97.0,2025-12-21T20:11:42.016251Z,emerging_block_ips
192.195.150.0,2025-12-21T20:11:42.016254Z,emerging_block_ips
192.195.187.0,2025-12-21T20:11:42.016257Z,emerging_block_ips
192.203.188.0,2025-12-21T20:11:42.016260Z,emerging_block_ips
192.203.252.0,2025-12-21T20:11:42.016263Z,emerging_block_ips
192.206.114.0,2025-12-21T20:11:42.016266Z,emerging_block_ips
192.226.16.0,2025-12-21T20:11:42.016269Z,emerging_block_ips
192.229.32.0,2025-12-21T20:11:42.016272Z,emerging_block_ips
192.231.100.0,2025-12-21T20:11:42.016274Z,emerging_block_ips
192.231.66.0,2025-12-21T20:11:42.016277Z,emerging_block_ips
192.234.156.0,2025-12-21T20:11:42.016280Z,emerging_block_ips
192.234.189.0,2025-12-21T20:11:42.016283Z,emerging_block_ips
192.245.101.0,2025-12-21T20:11:42.016286Z,emerging_block_ips
192.245.188.0,2025-12-21T20:11:42.016298Z,emerging_block_ips
192.245.248.0,2025-12-21T20:11:42.016301Z,emerging_block_ips
192.251.231.0,2025-12-21T20:11:42.016304Z,emerging_block_ips
192.252.16.0,2025-12-21T20:11:42.016307Z,emerging_block_ips
192.252.176.0,2025-12-21T20:11:42.016310Z,emerging_block_ips
192.253.224.0,2025-12-21T20:11:42.016313Z,emerging_block_ips
192.35.52.0,2025-12-21T20:11:42.016316Z,emerging_block_ips
192.35.54.0,2025-12-21T20:11:42.016319Z,emerging_block_ips
192.40.29.0,2025-12-21T20:11:42.016322Z,emerging_block_ips
192.5.103.0,2025-12-21T20:11:42.016324Z,emerging_block_ips
192.54.110.0,2025-12-21T20:11:42.016327Z,emerging_block_ips
192.80.44.0,2025-12-21T20:11:42.016330Z,emerging_block_ips
192.88.104.0,2025-12-21T20:11:42.016333Z,emerging_block_ips
192.88.117.0,2025-12-21T20:11:42.016336Z,emerging_block_ips
192.88.118.0,2025-12-21T20:11:42.016339Z,emerging_block_ips
192.88.120.0,2025-12-21T20:11:42.016342Z,emerging_block_ips
192.88.122.0,2025-12-21T20:11:42.016345Z,emerging_block_ips
192.88.128.0,2025-12-21T20:11:42.016348Z,emerging_block_ips
192.88.129.0,2025-12-21T20:11:42.016351Z,emerging_block_ips
192.88.130.0,2025-12-21T20:11:42.016354Z,emerging_block_ips
192.88.131.0,2025-12-21T20:11:42.016357Z,emerging_block_ips
192.88.133.0,2025-12-21T20:11:42.016359Z,emerging_block_ips
192.94.211.0,2025-12-21T20:11:42.016362Z,emerging_block_ips
192.94.240.0,2025-12-21T20:11:42.016365Z,emerging_block_ips
192.96.146.0,2025-12-21T20:11:42.016368Z,emerging_block_ips
192.96.87.0,2025-12-21T20:11:42.016371Z,emerging_block_ips
193.139.0.0,2025-12-21T20:11:42.016374Z,emerging_block_ips
193.142.146.0,2025-12-21T20:11:42.016377Z,emerging_block_ips
193.143.1.0,2025-12-21T20:11:42.016380Z,emerging_block_ips
193.151.160.0,2025-12-21T20:11:42.016383Z,emerging_block_ips
193.163.101.0,2025-12-21T20:11:42.016386Z,emerging_block_ips
193.163.125.0,2025-12-21T20:11:42.016389Z,emerging_block_ips
193.203.10.0,2025-12-21T20:11:42.016391Z,emerging_block_ips
193.233.200.0,2025-12-21T20:11:42.016394Z,emerging_block_ips
193.233.208.0,2025-12-21T20:11:42.016397Z,emerging_block_ips
193.233.255.0,2025-12-21T20:11:42.016400Z,emerging_block_ips
193.239.154.0,2025-12-21T20:11:42.016403Z,emerging_block_ips
193.24.123.0,2025-12-21T20:11:42.016406Z,emerging_block_ips
193.242.153.0,2025-12-21T20:11:42.016409Z,emerging_block_ips
193.243.0.0,2025-12-21T20:11:42.016412Z,emerging_block_ips
193.254.48.0,2025-12-21T20:11:42.016415Z,emerging_block_ips
193.26.115.0,2025-12-21T20:11:42.016418Z,emerging_block_ips
193.3.164.0,2025-12-21T20:11:42.016421Z,emerging_block_ips
193.30.144.0,2025-12-21T20:11:42.016424Z,emerging_block_ips
193.32.162.0,2025-12-21T20:11:42.016427Z,emerging_block_ips
193.32.66.0,2025-12-21T20:11:42.016430Z,emerging_block_ips
193.46.255.0,2025-12-21T20:11:42.016432Z,emerging_block_ips
194.0.234.0,2025-12-21T20:11:42.016435Z,emerging_block_ips
194.113.235.0,2025-12-21T20:11:42.016438Z,emerging_block_ips
194.145.227.0,2025-12-21T20:11:42.016441Z,emerging_block_ips
194.180.48.0,2025-12-21T20:11:42.016444Z,emerging_block_ips
194.180.64.0,2025-12-21T20:11:42.016447Z,emerging_block_ips
194.26.18.0,2025-12-21T20:11:42.016450Z,emerging_block_ips
194.26.192.0,2025-12-21T20:11:42.016453Z,emerging_block_ips
194.26.29.0,2025-12-21T20:11:42.016456Z,emerging_block_ips
194.26.69.0,2025-12-21T20:11:42.016459Z,emerging_block_ips
194.41.60.0,2025-12-21T20:11:42.016462Z,emerging_block_ips
194.62.244.0,2025-12-21T20:11:42.016465Z,emerging_block_ips
194.79.8.0,2025-12-21T20:11:42.016468Z,emerging_block_ips
194.85.250.0,2025-12-21T20:11:42.016470Z,emerging_block_ips
195.133.16.0,2025-12-21T20:11:42.016473Z,emerging_block_ips
195.14.98.0,2025-12-21T20:11:42.016476Z,emerging_block_ips
195.177.92.0,2025-12-21T20:11:42.016479Z,emerging_block_ips
195.178.110.0,2025-12-21T20:11:42.016482Z,emerging_block_ips
195.178.136.0,2025-12-21T20:11:42.016485Z,emerging_block_ips
195.181.224.0,2025-12-21T20:11:42.016488Z,emerging_block_ips
195.184.76.0,2025-12-21T20:11:42.016491Z,emerging_block_ips
195.216.248.0,2025-12-21T20:11:42.016494Z,emerging_block_ips
195.22.149.0,2025-12-21T20:11:42.016497Z,emerging_block_ips
195.225.108.0,2025-12-21T20:11:42.016500Z,emerging_block_ips
195.225.110.0,2025-12-21T20:11:42.016503Z,emerging_block_ips
195.66.27.0,2025-12-21T20:11:42.016506Z,emerging_block_ips
195.88.146.0,2025-12-21T20:11:42.016509Z,emerging_block_ips
195.96.32.0,2025-12-21T20:11:42.016511Z,emerging_block_ips
196.10.61.0,2025-12-21T20:11:42.016514Z,emerging_block_ips
196.10.62.0,2025-12-21T20:11:42.016517Z,emerging_block_ips
196.10.64.0,2025-12-21T20:11:42.016520Z,emerging_block_ips
196.15.64.0,2025-12-21T20:11:42.016523Z,emerging_block_ips
196.16.0.0,2025-12-21T20:11:42.016526Z,emerging_block_ips
196.251.100.0,2025-12-21T20:11:42.016529Z,emerging_block_ips
196.251.102.0,2025-12-21T20:11:42.016532Z,emerging_block_ips
196.251.107.0,2025-12-21T20:11:42.016535Z,emerging_block_ips
196.251.112.0,2025-12-21T20:11:42.016538Z,emerging_block_ips
196.251.116.0,2025-12-21T20:11:42.016541Z,emerging_block_ips
196.251.118.0,2025-12-21T20:11:42.016544Z,emerging_block_ips
196.251.66.0,2025-12-21T20:11:42.016547Z,emerging_block_ips
196.251.69.0,2025-12-21T20:11:42.016549Z,emerging_block_ips
196.251.70.0,2025-12-21T20:11:42.016552Z,emerging_block_ips
196.251.72.0,2025-12-21T20:11:42.016555Z,emerging_block_ips
196.251.80.0,2025-12-21T20:11:42.016558Z,emerging_block_ips
196.251.83.0,2025-12-21T20:11:42.016561Z,emerging_block_ips
196.251.84.0,2025-12-21T20:11:42.016564Z,emerging_block_ips
196.251.85.0,2025-12-21T20:11:42.016567Z,emerging_block_ips
196.251.86.0,2025-12-21T20:11:42.016570Z,emerging_block_ips
196.251.88.0,2025-12-21T20:11:42.016573Z,emerging_block_ips
196.251.92.0,2025-12-21T20:11:42.016576Z,emerging_block_ips
196.251.96.0,2025-12-21T20:11:42.016579Z,emerging_block_ips
196.251.98.0,2025-12-21T20:11:42.016581Z,emerging_block_ips
198.102.222.0,2025-12-21T20:11:42.016584Z,emerging_block_ips
198.13.64.0,2025-12-21T20:11:42.016587Z,emerging_block_ips
198.13.72.0,2025-12-21T20:11:42.016590Z,emerging_block_ips
198.133.120.0,2025-12-21T20:11:42.016593Z,emerging_block_ips
198.140.157.0,2025-12-21T20:11:42.016596Z,emerging_block_ips
198.148.212.0,2025-12-21T20:11:42.016599Z,emerging_block_ips
198.151.138.0,2025-12-21T20:11:42.016602Z,emerging_block_ips
198.151.152.0,2025-12-21T20:11:42.016608Z,emerging_block_ips
198.151.16.0,2025-12-21T20:11:42.016611Z,emerging_block_ips
198.160.205.0,2025-12-21T20:11:42.016614Z,emerging_block_ips
198.169.201.0,2025-12-21T20:11:42.016617Z,emerging_block_ips
198.17.197.0,2025-12-21T20:11:42.016620Z,emerging_block_ips
198.177.175.0,2025-12-21T20:11:42.016623Z,emerging_block_ips
198.177.176.0,2025-12-21T20:11:42.016625Z,emerging_block_ips
198.177.180.0,2025-12-21T20:11:42.016628Z,emerging_block_ips
198.177.214.0,2025-12-21T20:11:42.016631Z,emerging_block_ips
198.177.216.0,2025-12-21T20:11:42.016634Z,emerging_block_ips
198.179.22.0,2025-12-21T20:11:42.016637Z,emerging_block_ips
198.180.189.0,2025-12-21T20:11:42.016640Z,emerging_block_ips
198.181.96.0,2025-12-21T20:11:42.016643Z,emerging_block_ips
198.183.238.0,2025-12-21T20:11:42.016646Z,emerging_block_ips
198.183.32.0,2025-12-21T20:11:42.016649Z,emerging_block_ips
198.184.193.0,2025-12-21T20:11:42.016652Z,emerging_block_ips
198.186.25.0,2025-12-21T20:11:42.016655Z,emerging_block_ips
198.187.16.0,2025-12-21T20:11:42.016658Z,emerging_block_ips
198.187.192.0,2025-12-21T20:11:42.016661Z,emerging_block_ips
198.187.207.0,2025-12-21T20:11:42.016663Z,emerging_block_ips
198.187.208.0,2025-12-21T20:11:42.016666Z,emerging_block_ips
198.187.210.0,2025-12-21T20:11:42.016669Z,emerging_block_ips
198.187.24.0,2025-12-21T20:11:42.016672Z,emerging_block_ips
198.190.173.0,2025-12-21T20:11:42.016675Z,emerging_block_ips
198.198.0.0,2025-12-21T20:11:42.016678Z,emerging_block_ips
198.199.212.0,2025-12-21T20:11:42.016681Z,emerging_block_ips
198.20.16.0,2025-12-21T20:11:42.016684Z,emerging_block_ips
198.200.0.0,2025-12-21T20:11:42.016687Z,emerging_block_ips
198.200.8.0,2025-12-21T20:11:42.016690Z,emerging_block_ips
198.202.223.0,2025-12-21T20:11:42.016693Z,emerging_block_ips
198.202.237.0,2025-12-21T20:11:42.016696Z,emerging_block_ips
198.204.0.0,2025-12-21T20:11:42.016699Z,emerging_block_ips
198.206.140.0,2025-12-21T20:11:42.016701Z,emerging_block_ips
198.212.132.0,2025-12-21T20:11:42.016704Z,emerging_block_ips
198.235.160.0,2025-12-21T20:11:42.016707Z,emerging_block_ips
198.235.24.0,2025-12-21T20:11:42.016710Z,emerging_block_ips
198.241.64.0,2025-12-21T20:11:42.016713Z,emerging_block_ips
198.244.32.0,2025-12-21T20:11:42.016716Z,emerging_block_ips
198.244.40.0,2025-12-21T20:11:42.016719Z,emerging_block_ips
198.244.44.0,2025-12-21T20:11:42.016722Z,emerging_block_ips
198.244.46.0,2025-12-21T20:11:42.016725Z,emerging_block_ips
198.252.174.0,2025-12-21T20:11:42.016728Z,emerging_block_ips
198.252.32.0,2025-12-21T20:11:42.016731Z,emerging_block_ips
198.37.0.0,2025-12-21T20:11:42.016734Z,emerging_block_ips
198.45.32.0,2025-12-21T20:11:42.016736Z,emerging_block_ips
198.45.64.0,2025-12-21T20:11:42.016739Z,emerging_block_ips
198.51.161.0,2025-12-21T20:11:42.016742Z,emerging_block_ips
198.51.77.0,2025-12-21T20:11:42.016745Z,emerging_block_ips
198.51.78.0,2025-12-21T20:11:42.016748Z,emerging_block_ips
198.51.80.0,2025-12-21T20:11:42.016751Z,emerging_block_ips
198.54.232.0,2025-12-21T20:11:42.016754Z,emerging_block_ips
198.56.64.0,2025-12-21T20:11:42.016757Z,emerging_block_ips
198.57.64.0,2025-12-21T20:11:42.016760Z,emerging_block_ips
198.62.16.0,2025-12-21T20:11:42.016763Z,emerging_block_ips
198.62.70.0,2025-12-21T20:11:42.016765Z,emerging_block_ips
198.62.76.0,2025-12-21T20:11:42.016768Z,emerging_block_ips
198.96.224.0,2025-12-21T20:11:42.016771Z,emerging_block_ips
198.99.245.0,2025-12-21T20:11:42.016774Z,emerging_block_ips
199.1.24.0,2025-12-21T20:11:42.016777Z,emerging_block_ips
199.1.254.0,2025-12-21T20:11:42.016780Z,emerging_block_ips
199.103.64.0,2025-12-21T20:11:42.016783Z,emerging_block_ips
199.106.8.0,2025-12-21T20:11:42.016786Z,emerging_block_ips
199.107.152.0,2025-12-21T20:11:42.016789Z,emerging_block_ips
199.107.96.0,2025-12-21T20:11:42.016792Z,emerging_block_ips
199.108.212.0,2025-12-21T20:11:42.016794Z,emerging_block_ips
199.108.236.0,2025-12-21T20:11:42.016798Z,emerging_block_ips
199.120.160.0,2025-12-21T20:11:42.016801Z,emerging_block_ips
199.120.163.0,2025-12-21T20:11:42.016804Z,emerging_block_ips
199.164.242.0,2025-12-21T20:11:42.016807Z,emerging_block_ips
199.165.237.0,2025-12-21T20:11:42.016810Z,emerging_block_ips
199.165.238.0,2025-12-21T20:11:42.016813Z,emerging_block_ips
199.165.32.0,2025-12-21T20:11:42.016816Z,emerging_block_ips
199.166.200.0,2025-12-21T20:11:42.016819Z,emerging_block_ips
199.166.214.0,2025-12-21T20:11:42.016822Z,emerging_block_ips
199.170.128.0,2025-12-21T20:11:42.016825Z,emerging_block_ips
199.178.144.0,2025-12-21T20:11:42.016828Z,emerging_block_ips
199.178.160.0,2025-12-21T20:11:42.016831Z,emerging_block_ips
199.178.168.0,2025-12-21T20:11:42.016834Z,emerging_block_ips
199.178.170.0,2025-12-21T20:11:42.016837Z,emerging_block_ips
199.178.64.0,2025-12-21T20:11:42.016839Z,emerging_block_ips
199.184.0.0,2025-12-21T20:11:42.016842Z,emerging_block_ips
199.184.12.0,2025-12-21T20:11:42.016845Z,emerging_block_ips
199.184.223.0,2025-12-21T20:11:42.016848Z,emerging_block_ips
199.184.8.0,2025-12-21T20:11:42.016851Z,emerging_block_ips
199.184.82.0,2025-12-21T20:11:42.016854Z,emerging_block_ips
199.185.144.0,2025-12-21T20:11:42.016857Z,emerging_block_ips
199.186.26.0,2025-12-21T20:11:42.016860Z,emerging_block_ips
199.187.16.0,2025-12-21T20:11:42.016863Z,emerging_block_ips
199.187.24.0,2025-12-21T20:11:42.016866Z,emerging_block_ips
199.187.32.0,2025-12-21T20:11:42.016869Z,emerging_block_ips
199.187.48.0,2025-12-21T20:11:42.016872Z,emerging_block_ips
199.196.192.0,2025-12-21T20:11:42.016874Z,emerging_block_ips
199.198.160.0,2025-12-21T20:11:42.016877Z,emerging_block_ips
199.198.176.0,2025-12-21T20:11:42.016880Z,emerging_block_ips
199.198.184.0,2025-12-21T20:11:42.016883Z,emerging_block_ips
199.198.188.0,2025-12-21T20:11:42.016886Z,emerging_block_ips
199.201.238.0,2025-12-21T20:11:42.016889Z,emerging_block_ips
199.201.239.0,2025-12-21T20:11:42.016892Z,emerging_block_ips
199.223.0.0,2025-12-21T20:11:42.016895Z,emerging_block_ips
199.230.64.0,2025-12-21T20:11:42.016898Z,emerging_block_ips
199.231.8.0,2025-12-21T20:11:42.016901Z,emerging_block_ips
199.233.85.0,2025-12-21T20:11:42.016904Z,emerging_block_ips
199.233.96.0,2025-12-21T20:11:42.016907Z,emerging_block_ips
199.241.0.0,2025-12-21T20:11:42.016910Z,emerging_block_ips
199.245.138.0,2025-12-21T20:11:42.016912Z,emerging_block_ips
199.246.213.0,2025-12-21T20:11:42.016915Z,emerging_block_ips
199.246.215.0,2025-12-21T20:11:42.016918Z,emerging_block_ips
199.249.64.0,2025-12-21T20:11:42.016921Z,emerging_block_ips
199.253.224.0,2025-12-21T20:11:42.016924Z,emerging_block_ips
199.253.32.0,2025-12-21T20:11:42.016927Z,emerging_block_ips
199.253.48.0,2025-12-21T20:11:42.016930Z,emerging_block_ips
199.254.190.0,2025-12-21T20:11:42.016933Z,emerging_block_ips
199.254.32.0,2025-12-21T20:11:42.016936Z,emerging_block_ips
199.26.137.0,2025-12-21T20:11:42.016939Z,emerging_block_ips
199.26.207.0,2025-12-21T20:11:42.016942Z,emerging_block_ips
199.26.251.0,2025-12-21T20:11:42.016945Z,emerging_block_ips
199.33.222.0,2025-12-21T20:11:42.016948Z,emerging_block_ips
199.34.128.0,2025-12-21T20:11:42.016951Z,emerging_block_ips
199.38.0.0,2025-12-21T20:11:42.016954Z,emerging_block_ips
199.45.154.0,2025-12-21T20:11:42.016956Z,emerging_block_ips
199.5.152.0,2025-12-21T20:11:42.016959Z,emerging_block_ips
199.5.194.0,2025-12-21T20:11:42.016962Z,emerging_block_ips
199.5.229.0,2025-12-21T20:11:42.016965Z,emerging_block_ips
199.59.8.0,2025-12-21T20:11:42.016968Z,emerging_block_ips
199.71.192.0,2025-12-21T20:11:42.016971Z,emerging_block_ips
199.73.64.0,2025-12-21T20:11:42.016974Z,emerging_block_ips
199.84.16.0,2025-12-21T20:11:42.016977Z,emerging_block_ips
199.84.55.0,2025-12-21T20:11:42.016980Z,emerging_block_ips
199.84.56.0,2025-12-21T20:11:42.016983Z,emerging_block_ips
199.84.60.0,2025-12-21T20:11:42.016986Z,emerging_block_ips
199.84.64.0,2025-12-21T20:11:42.016989Z,emerging_block_ips
199.89.16.0,2025-12-21T20:11:42.016991Z,emerging_block_ips
199.89.198.0,2025-12-21T20:11:42.016994Z,emerging_block_ips
2.56.192.0,2025-12-21T20:11:42.016997Z,emerging_block_ips
2.57.122.0,2025-12-21T20:11:42.017000Z,emerging_block_ips
2.57.232.0,2025-12-21T20:11:42.017006Z,emerging_block_ips
2.57.234.0,2025-12-21T20:11:42.017009Z,emerging_block_ips
2.58.56.0,2025-12-21T20:11:42.017012Z,emerging_block_ips
2.59.152.0,2025-12-21T20:11:42.017015Z,emerging_block_ips
200.0.60.0,2025-12-21T20:11:42.017018Z,emerging_block_ips
200.1.0.0,2025-12-21T20:11:42.017021Z,emerging_block_ips
200.1.4.0,2025-12-21T20:11:42.017024Z,emerging_block_ips
200.10.32.0,2025-12-21T20:11:42.017027Z,emerging_block_ips
200.13.64.0,2025-12-21T20:11:42.017029Z,emerging_block_ips
200.189.44.0,2025-12-21T20:11:42.017032Z,emerging_block_ips
200.22.0.0,2025-12-21T20:11:42.017035Z,emerging_block_ips
200.71.124.0,2025-12-21T20:11:42.017038Z,emerging_block_ips
201.148.168.0,2025-12-21T20:11:42.017041Z,emerging_block_ips
201.150.28.0,2025-12-21T20:11:42.017044Z,emerging_block_ips
202.12.101.0,2025-12-21T20:11:42.017047Z,emerging_block_ips
202.122.64.0,2025-12-21T20:11:42.017050Z,emerging_block_ips
202.131.208.0,2025-12-21T20:11:42.017053Z,emerging_block_ips
202.148.32.0,2025-12-21T20:11:42.017056Z,emerging_block_ips
202.152.192.0,2025-12-21T20:11:42.017059Z,emerging_block_ips
202.159.80.0,2025-12-21T20:11:42.017062Z,emerging_block_ips
202.168.80.0,2025-12-21T20:11:42.017064Z,emerging_block_ips
202.183.0.0,2025-12-21T20:11:42.017067Z,emerging_block_ips
202.189.80.0,2025-12-21T20:11:42.017070Z,emerging_block_ips
202.27.100.0,2025-12-21T20:11:42.017073Z,emerging_block_ips
202.40.32.0,2025-12-21T20:11:42.017076Z,emerging_block_ips
202.40.64.0,2025-12-21T20:11:42.017079Z,emerging_block_ips
202.46.96.0,2025-12-21T20:11:42.017082Z,emerging_block_ips
202.52.38.0,2025-12-21T20:11:42.017085Z,emerging_block_ips
202.61.141.0,2025-12-21T20:11:42.017088Z,emerging_block_ips
202.61.144.0,2025-12-21T20:11:42.017091Z,emerging_block_ips
202.79.173.0,2025-12-21T20:11:42.017093Z,emerging_block_ips
202.95.7.0,2025-12-21T20:11:42.017096Z,emerging_block_ips
202.95.8.0,2025-12-21T20:11:42.017099Z,emerging_block_ips
203.132.96.0,2025-12-21T20:11:42.017102Z,emerging_block_ips
203.159.90.0,2025-12-21T20:11:42.017105Z,emerging_block_ips
203.171.224.0,2025-12-21T20:11:42.017108Z,emerging_block_ips
203.191.64.0,2025-12-21T20:11:42.017111Z,emerging_block_ips
203.195.0.0,2025-12-21T20:11:42.017114Z,emerging_block_ips
203.202.232.0,2025-12-21T20:11:42.017117Z,emerging_block_ips
203.31.217.0,2025-12-21T20:11:42.017120Z,emerging_block_ips
203.9.0.0,2025-12-21T20:11:42.017123Z,emerging_block_ips
203.91.73.0,2025-12-21T20:11:42.017126Z,emerging_block_ips
204.106.128.0,2025-12-21T20:11:42.017128Z,emerging_block_ips
204.106.192.0,2025-12-21T20:11:42.017131Z,emerging_block_ips
204.107.132.0,2025-12-21T20:11:42.017134Z,emerging_block_ips
204.107.208.0,2025-12-21T20:11:42.017137Z,emerging_block_ips
204.110.144.0,2025-12-21T20:11:42.017140Z,emerging_block_ips
204.110.8.0,2025-12-21T20:11:42.017143Z,emerging_block_ips
204.115.128.0,2025-12-21T20:11:42.017146Z,emerging_block_ips
204.117.88.0,2025-12-21T20:11:42.017149Z,emerging_block_ips
204.126.244.0,2025-12-21T20:11:42.017152Z,emerging_block_ips
204.126.32.0,2025-12-21T20:11:42.017155Z,emerging_block_ips
204.126.48.0,2025-12-21T20:11:42.017158Z,emerging_block_ips
204.126.56.0,2025-12-21T20:11:42.017161Z,emerging_block_ips
204.126.60.0,2025-12-21T20:11:42.017164Z,emerging_block_ips
204.128.151.0,2025-12-21T20:11:42.017166Z,emerging_block_ips
204.128.180.0,2025-12-21T20:11:42.017169Z,emerging_block_ips
204.128.32.0,2025-12-21T20:11:42.017172Z,emerging_block_ips
204.130.16.0,2025-12-21T20:11:42.017175Z,emerging_block_ips
204.130.195.0,2025-12-21T20:11:42.017178Z,emerging_block_ips
204.14.80.0,2025-12-21T20:11:42.017181Z,emerging_block_ips
204.140.104.0,2025-12-21T20:11:42.017184Z,emerging_block_ips
204.140.112.0,2025-12-21T20:11:42.017187Z,emerging_block_ips
204.140.120.0,2025-12-21T20:11:42.017190Z,emerging_block_ips
204.146.240.0,2025-12-21T20:11:42.017193Z,emerging_block_ips
204.147.240.0,2025-12-21T20:11:42.017196Z,emerging_block_ips
204.147.64.0,2025-12-21T20:11:42.017199Z,emerging_block_ips
204.147.96.0,2025-12-21T20:11:42.017202Z,emerging_block_ips
204.155.80.0,2025-12-21T20:11:42.017205Z,emerging_block_ips
204.155.88.0,2025-12-21T20:11:42.017208Z,emerging_block_ips
204.155.92.0,2025-12-21T20:11:42.017211Z,emerging_block_ips
204.155.94.0,2025-12-21T20:11:42.017213Z,emerging_block_ips
204.178.16.0,2025-12-21T20:11:42.017216Z,emerging_block_ips
204.179.232.0,2025-12-21T20:11:42.017219Z,emerging_block_ips
204.179.64.0,2025-12-21T20:11:42.017222Z,emerging_block_ips
204.187.192.0,2025-12-21T20:11:42.017225Z,emerging_block_ips
204.187.224.0,2025-12-21T20:11:42.017228Z,emerging_block_ips
204.187.240.0,2025-12-21T20:11:42.017231Z,emerging_block_ips
204.19.38.0,2025-12-21T20:11:42.017234Z,emerging_block_ips
204.194.16.0,2025-12-21T20:11:42.017237Z,emerging_block_ips
204.194.40.0,2025-12-21T20:11:42.017240Z,emerging_block_ips
204.194.64.0,2025-12-21T20:11:42.017243Z,emerging_block_ips
204.225.153.0,2025-12-21T20:11:42.017246Z,emerging_block_ips
204.225.210.0,2025-12-21T20:11:42.017249Z,emerging_block_ips
204.225.226.0,2025-12-21T20:11:42.017251Z,emerging_block_ips
204.227.32.0,2025-12-21T20:11:42.017254Z,emerging_block_ips
204.232.0.0,2025-12-21T20:11:42.017257Z,emerging_block_ips
204.235.16.0,2025-12-21T20:11:42.017260Z,emerging_block_ips
204.235.240.0,2025-12-21T20:11:42.017263Z,emerging_block_ips
204.235.242.0,2025-12-21T20:11:42.017266Z,emerging_block_ips
204.235.252.0,2025-12-21T20:11:42.017269Z,emerging_block_ips
204.236.0.0,2025-12-21T20:11:42.017272Z,emerging_block_ips
204.238.137.0,2025-12-21T20:11:42.017275Z,emerging_block_ips
204.238.170.0,2025-12-21T20:11:42.017278Z,emerging_block_ips
204.238.183.0,2025-12-21T20:11:42.017281Z,emerging_block_ips
204.238.40.0,2025-12-21T20:11:42.017284Z,emerging_block_ips
204.239.132.0,2025-12-21T20:11:42.017286Z,emerging_block_ips
204.239.134.0,2025-12-21T20:11:42.017303Z,emerging_block_ips
204.239.200.0,2025-12-21T20:11:42.017306Z,emerging_block_ips
204.255.32.0,2025-12-21T20:11:42.017309Z,emerging_block_ips
204.27.155.0,2025-12-21T20:11:42.017312Z,emerging_block_ips
204.29.212.0,2025-12-21T20:11:42.017315Z,emerging_block_ips
204.44.208.0,2025-12-21T20:11:42.017318Z,emerging_block_ips
204.44.224.0,2025-12-21T20:11:42.017321Z,emerging_block_ips
204.44.32.0,2025-12-21T20:11:42.017324Z,emerging_block_ips
204.52.184.0,2025-12-21T20:11:42.017327Z,emerging_block_ips
204.52.255.0,2025-12-21T20:11:42.017329Z,emerging_block_ips
204.58.188.0,2025-12-21T20:11:42.017332Z,emerging_block_ips
204.61.96.0,2025-12-21T20:11:42.017335Z,emerging_block_ips
204.62.177.0,2025-12-21T20:11:42.017338Z,emerging_block_ips
204.63.64.0,2025-12-21T20:11:42.017341Z,emerging_block_ips
204.74.32.0,2025-12-21T20:11:42.017344Z,emerging_block_ips
204.75.147.0,2025-12-21T20:11:42.017347Z,emerging_block_ips
204.75.174.0,2025-12-21T20:11:42.017350Z,emerging_block_ips
204.75.228.0,2025-12-21T20:11:42.017353Z,emerging_block_ips
204.76.203.0,2025-12-21T20:11:42.017356Z,emerging_block_ips
204.80.164.0,2025-12-21T20:11:42.017359Z,emerging_block_ips
204.80.180.0,2025-12-21T20:11:42.017362Z,emerging_block_ips
204.80.198.0,2025-12-21T20:11:42.017365Z,emerging_block_ips
204.86.16.0,2025-12-21T20:11:42.017367Z,emerging_block_ips
204.87.199.0,2025-12-21T20:11:42.017370Z,emerging_block_ips
204.88.160.0,2025-12-21T20:11:42.017373Z,emerging_block_ips
204.89.202.0,2025-12-21T20:11:42.017376Z,emerging_block_ips
204.89.224.0,2025-12-21T20:11:42.017379Z,emerging_block_ips
204.91.96.0,2025-12-21T20:11:42.017382Z,emerging_block_ips
205.137.0.0,2025-12-21T20:11:42.017385Z,emerging_block_ips
205.142.104.0,2025-12-21T20:11:42.017388Z,emerging_block_ips
205.144.0.0,2025-12-21T20:11:42.017391Z,emerging_block_ips
205.148.128.0,2025-12-21T20:11:42.017393Z,emerging_block_ips
205.151.128.0,2025-12-21T20:11:42.017397Z,emerging_block_ips
205.151.216.0,2025-12-21T20:11:42.017399Z,emerging_block_ips
205.158.176.0,2025-12-21T20:11:42.017402Z,emerging_block_ips
205.159.174.0,2025-12-21T20:11:42.017405Z,emerging_block_ips
205.159.180.0,2025-12-21T20:11:42.017408Z,emerging_block_ips
205.159.201.0,2025-12-21T20:11:42.017411Z,emerging_block_ips
205.159.241.0,2025-12-21T20:11:42.017417Z,emerging_block_ips
205.159.26.0,2025-12-21T20:11:42.017420Z,emerging_block_ips
205.166.130.0,2025-12-21T20:11:42.017423Z,emerging_block_ips
205.166.154.0,2025-12-21T20:11:42.017426Z,emerging_block_ips
205.166.168.0,2025-12-21T20:11:42.017429Z,emerging_block_ips
205.166.183.0,2025-12-21T20:11:42.017432Z,emerging_block_ips
205.166.211.0,2025-12-21T20:11:42.017435Z,emerging_block_ips
205.166.77.0,2025-12-21T20:11:42.017438Z,emerging_block_ips
205.166.84.0,2025-12-21T20:11:42.017441Z,emerging_block_ips
205.166.87.0,2025-12-21T20:11:42.017444Z,emerging_block_ips
205.172.244.0,2025-12-21T20:11:42.017447Z,emerging_block_ips
205.175.160.0,2025-12-21T20:11:42.017450Z,emerging_block_ips
205.189.207.0,2025-12-21T20:11:42.017453Z,emerging_block_ips
205.189.71.0,2025-12-21T20:11:42.017456Z,emerging_block_ips
205.189.72.0,2025-12-21T20:11:42.017458Z,emerging_block_ips
205.196.100.0,2025-12-21T20:11:42.017461Z,emerging_block_ips
205.196.104.0,2025-12-21T20:11:42.017464Z,emerging_block_ips
205.196.112.0,2025-12-21T20:11:42.017467Z,emerging_block_ips
205.196.116.0,2025-12-21T20:11:42.017470Z,emerging_block_ips
205.196.164.0,2025-12-21T20:11:42.017473Z,emerging_block_ips
205.196.192.0,2025-12-21T20:11:42.017476Z,emerging_block_ips
205.196.200.0,2025-12-21T20:11:42.017479Z,emerging_block_ips
205.196.28.0,2025-12-21T20:11:42.017482Z,emerging_block_ips
205.196.48.0,2025-12-21T20:11:42.017485Z,emerging_block_ips
205.196.56.0,2025-12-21T20:11:42.017488Z,emerging_block_ips
205.196.60.0,2025-12-21T20:11:42.017491Z,emerging_block_ips
205.196.62.0,2025-12-21T20:11:42.017494Z,emerging_block_ips
205.196.67.0,2025-12-21T20:11:42.017496Z,emerging_block_ips
205.196.68.0,2025-12-21T20:11:42.017499Z,emerging_block_ips
205.196.71.0,2025-12-21T20:11:42.017502Z,emerging_block_ips
205.196.72.0,2025-12-21T20:11:42.017505Z,emerging_block_ips
205.196.76.0,2025-12-21T20:11:42.017508Z,emerging_block_ips
205.196.96.0,2025-12-21T20:11:42.017511Z,emerging_block_ips
205.196.99.0,2025-12-21T20:11:42.017514Z,emerging_block_ips
205.203.0.0,2025-12-21T20:11:42.017517Z,emerging_block_ips
205.203.224.0,2025-12-21T20:11:42.017520Z,emerging_block_ips
205.207.134.0,2025-12-21T20:11:42.017523Z,emerging_block_ips
205.207.75.0,2025-12-21T20:11:42.017525Z,emerging_block_ips
205.210.107.0,2025-12-21T20:11:42.017528Z,emerging_block_ips
205.210.139.0,2025-12-21T20:11:42.017531Z,emerging_block_ips
205.210.171.0,2025-12-21T20:11:42.017534Z,emerging_block_ips
205.210.172.0,2025-12-21T20:11:42.017537Z,emerging_block_ips
205.210.249.0,2025-12-21T20:11:42.017540Z,emerging_block_ips
205.210.29.0,2025-12-21T20:11:42.017543Z,emerging_block_ips
205.210.31.0,2025-12-21T20:11:42.017546Z,emerging_block_ips
205.211.172.0,2025-12-21T20:11:42.017549Z,emerging_block_ips
205.211.179.0,2025-12-21T20:11:42.017552Z,emerging_block_ips
205.214.128.0,2025-12-21T20:11:42.017555Z,emerging_block_ips
205.214.96.0,2025-12-21T20:11:42.017558Z,emerging_block_ips
205.215.236.0,2025-12-21T20:11:42.017561Z,emerging_block_ips
205.233.156.0,2025-12-21T20:11:42.017563Z,emerging_block_ips
205.233.220.0,2025-12-21T20:11:42.017566Z,emerging_block_ips
205.233.224.0,2025-12-21T20:11:42.017569Z,emerging_block_ips
205.236.18.0,2025-12-21T20:11:42.017572Z,emerging_block_ips
205.236.185.0,2025-12-21T20:11:42.017575Z,emerging_block_ips
205.236.189.0,2025-12-21T20:11:42.017578Z,emerging_block_ips
205.237.10.0,2025-12-21T20:11:42.017581Z,emerging_block_ips
205.237.12.0,2025-12-21T20:11:42.017584Z,emerging_block_ips
205.237.16.0,2025-12-21T20:11:42.017587Z,emerging_block_ips
205.237.8.0,2025-12-21T20:11:42.017590Z,emerging_block_ips
206.121.28.0,2025-12-21T20:11:42.017593Z,emerging_block_ips
206.121.32.0,2025-12-21T20:11:42.017596Z,emerging_block_ips
206.123.145.0,2025-12-21T20:11:42.017599Z,emerging_block_ips
206.125.16.0,2025-12-21T20:11:42.017601Z,emerging_block_ips
206.130.180.0,2025-12-21T20:11:42.017604Z,emerging_block_ips
206.130.188.0,2025-12-21T20:11:42.017607Z,emerging_block_ips
206.130.237.0,2025-12-21T20:11:42.017610Z,emerging_block_ips
206.136.208.0,2025-12-21T20:11:42.017613Z,emerging_block_ips
206.143.128.0,2025-12-21T20:11:42.017616Z,emerging_block_ips
206.170.48.0,2025-12-21T20:11:42.017619Z,emerging_block_ips
206.170.56.0,2025-12-21T20:11:42.017622Z,emerging_block_ips
206.183.160.0,2025-12-21T20:11:42.017625Z,emerging_block_ips
206.195.224.0,2025-12-21T20:11:42.017628Z,emerging_block_ips
206.197.166.0,2025-12-21T20:11:42.017631Z,emerging_block_ips
206.197.77.0,2025-12-21T20:11:42.017634Z,emerging_block_ips
206.209.192.0,2025-12-21T20:11:42.017637Z,emerging_block_ips
206.209.48.0,2025-12-21T20:11:42.017640Z,emerging_block_ips
206.209.80.0,2025-12-21T20:11:42.017643Z,emerging_block_ips
206.221.0.0,2025-12-21T20:11:42.017646Z,emerging_block_ips
206.221.192.0,2025-12-21T20:11:42.017648Z,emerging_block_ips
206.221.96.0,2025-12-21T20:11:42.017651Z,emerging_block_ips
206.223.33.0,2025-12-21T20:11:42.017654Z,emerging_block_ips
206.224.160.0,2025-12-21T20:11:42.017657Z,emerging_block_ips
206.226.0.0,2025-12-21T20:11:42.017660Z,emerging_block_ips
206.226.32.0,2025-12-21T20:11:42.017663Z,emerging_block_ips
206.251.56.0,2025-12-21T20:11:42.017666Z,emerging_block_ips
206.41.128.0,2025-12-21T20:11:42.017669Z,emerging_block_ips
206.41.160.0,2025-12-21T20:11:42.017672Z,emerging_block_ips
206.51.29.0,2025-12-21T20:11:42.017675Z,emerging_block_ips
207.105.108.0,2025-12-21T20:11:42.017678Z,emerging_block_ips
207.110.64.0,2025-12-21T20:11:42.017681Z,emerging_block_ips
207.110.96.0,2025-12-21T20:11:42.017683Z,emerging_block_ips
207.183.192.0,2025-12-21T20:11:42.017686Z,emerging_block_ips
207.183.64.0,2025-12-21T20:11:42.017689Z,emerging_block_ips
207.183.96.0,2025-12-21T20:11:42.017692Z,emerging_block_ips
207.22.192.0,2025-12-21T20:11:42.017695Z,emerging_block_ips
207.228.200.0,2025-12-21T20:11:42.017698Z,emerging_block_ips
207.244.0.0,2025-12-21T20:11:42.017701Z,emerging_block_ips
207.252.136.0,2025-12-21T20:11:42.017704Z,emerging_block_ips
207.45.224.0,2025-12-21T20:11:42.017708Z,emerging_block_ips
207.45.56.0,2025-12-21T20:11:42.017711Z,emerging_block_ips
207.70.192.0,2025-12-21T20:11:42.017714Z,emerging_block_ips
207.70.224.0,2025-12-21T20:11:42.017716Z,emerging_block_ips
208.187.240.0,2025-12-21T20:11:42.017719Z,emerging_block_ips
208.205.128.0,2025-12-21T20:11:42.017722Z,emerging_block_ips
208.217.32.0,2025-12-21T20:11:42.017725Z,emerging_block_ips
208.75.88.0,2025-12-21T20:11:42.017728Z,emerging_block_ips
208.90.32.0,2025-12-21T20:11:42.017731Z,emerging_block_ips
208.98.64.0,2025-12-21T20:11:42.017734Z,emerging_block_ips
209.120.205.0,2025-12-21T20:11:42.017737Z,emerging_block_ips
209.148.16.0,2025-12-21T20:11:42.017740Z,emerging_block_ips
209.159.128.0,2025-12-21T20:11:42.017743Z,emerging_block_ips
209.161.64.0,2025-12-21T20:11:42.017746Z,emerging_block_ips
209.17.192.0,2025-12-21T20:11:42.017749Z,emerging_block_ips
209.182.100.0,2025-12-21T20:11:42.017752Z,emerging_block_ips
209.182.64.0,2025-12-21T20:11:42.017755Z,emerging_block_ips
209.186.20.0,2025-12-21T20:11:42.017758Z,emerging_block_ips
209.186.224.0,2025-12-21T20:11:42.017761Z,emerging_block_ips
209.186.232.0,2025-12-21T20:11:42.017763Z,emerging_block_ips
209.186.236.0,2025-12-21T20:11:42.017766Z,emerging_block_ips
209.186.24.0,2025-12-21T20:11:42.017769Z,emerging_block_ips
209.233.156.0,2025-12-21T20:11:42.017772Z,emerging_block_ips
209.63.8.0,2025-12-21T20:11:42.017775Z,emerging_block_ips
209.66.0.0,2025-12-21T20:11:42.017778Z,emerging_block_ips
209.66.128.0,2025-12-21T20:11:42.017781Z,emerging_block_ips
209.79.220.0,2025-12-21T20:11:42.017784Z,emerging_block_ips
209.95.192.0,2025-12-21T20:11:42.017787Z,emerging_block_ips
209.95.64.0,2025-12-21T20:11:42.017790Z,emerging_block_ips
209.99.128.0,2025-12-21T20:11:42.017793Z,emerging_block_ips
210.56.48.0,2025-12-21T20:11:42.017796Z,emerging_block_ips
210.57.128.0,2025-12-21T20:11:42.017799Z,emerging_block_ips
211.102.0.0,2025-12-21T20:11:42.017802Z,emerging_block_ips
212.11.64.0,2025-12-21T20:11:42.017805Z,emerging_block_ips
212.224.93.0,2025-12-21T20:11:42.017808Z,emerging_block_ips
212.237.152.0,2025-12-21T20:11:42.017813Z,emerging_block_ips
213.190.14.0,2025-12-21T20:11:42.017816Z,emerging_block_ips
213.209.129.0,2025-12-21T20:11:42.017819Z,emerging_block_ips
213.209.143.0,2025-12-21T20:11:42.017822Z,emerging_block_ips
213.209.156.0,2025-12-21T20:11:42.017825Z,emerging_block_ips
213.209.157.0,2025-12-21T20:11:42.017828Z,emerging_block_ips
213.21.237.0,2025-12-21T20:11:42.017831Z,emerging_block_ips
216.137.144.0,2025-12-21T20:11:42.017834Z,emerging_block_ips
216.179.128.0,2025-12-21T20:11:42.017837Z,emerging_block_ips
216.180.246.0,2025-12-21T20:11:42.017840Z,emerging_block_ips
216.240.96.0,2025-12-21T20:11:42.017843Z,emerging_block_ips
216.250.16.0,2025-12-21T20:11:42.017846Z,emerging_block_ips
216.63.240.0,2025-12-21T20:11:42.017849Z,emerging_block_ips
216.7.96.0,2025-12-21T20:11:42.017852Z,emerging_block_ips
216.9.224.0,2025-12-21T20:11:42.017855Z,emerging_block_ips
216.93.96.0,2025-12-21T20:11:42.017857Z,emerging_block_ips
217.119.139.0,2025-12-21T20:11:42.017860Z,emerging_block_ips
217.60.192.0,2025-12-21T20:11:42.017863Z,emerging_block_ips
217.60.239.0,2025-12-21T20:11:42.017866Z,emerging_block_ips
217.60.24.0,2025-12-21T20:11:42.017869Z,emerging_block_ips
217.60.242.0,2025-12-21T20:11:42.017872Z,emerging_block_ips
217.60.246.0,2025-12-21T20:11:42.017875Z,emerging_block_ips
217.60.60.0,2025-12-21T20:11:42.017878Z,emerging_block_ips
218.30.103.0,2025-12-21T20:11:42.017881Z,emerging_block_ips
218.99.0.0,2025-12-21T20:11:42.017884Z,emerging_block_ips
221.128.128.0,2025-12-21T20:11:42.017887Z,emerging_block_ips
223.155.16.0,2025-12-21T20:11:42.017889Z,emerging_block_ips
223.169.0.0,2025-12-21T20:11:42.017892Z,emerging_block_ips
223.173.0.0,2025-12-21T20:11:42.017895Z,emerging_block_ips
223.254.0.0,2025-12-21T20:11:42.017898Z,emerging_block_ips
223.26.48.0,2025-12-21T20:11:42.017901Z,emerging_block_ips
223.29.226.0,2025-12-21T20:11:42.017904Z,emerging_block_ips
23.129.252.0,2025-12-21T20:11:42.017907Z,emerging_block_ips
23.132.164.0,2025-12-21T20:11:42.017910Z,emerging_block_ips
23.137.100.0,2025-12-21T20:11:42.017913Z,emerging_block_ips
23.146.240.0,2025-12-21T20:11:42.017916Z,emerging_block_ips
23.146.242.0,2025-12-21T20:11:42.017919Z,emerging_block_ips
23.147.148.0,2025-12-21T20:11:42.017921Z,emerging_block_ips
23.147.156.0,2025-12-21T20:11:42.017924Z,emerging_block_ips
23.147.164.0,2025-12-21T20:11:42.017927Z,emerging_block_ips
23.147.52.0,2025-12-21T20:11:42.017930Z,emerging_block_ips
23.148.144.0,2025-12-21T20:11:42.017933Z,emerging_block_ips
23.164.152.0,2025-12-21T20:11:42.017936Z,emerging_block_ips
23.164.153.0,2025-12-21T20:11:42.017939Z,emerging_block_ips
23.172.112.0,2025-12-21T20:11:42.017942Z,emerging_block_ips
23.172.216.0,2025-12-21T20:11:42.017945Z,emerging_block_ips
23.176.184.0,2025-12-21T20:11:42.017948Z,emerging_block_ips
23.226.54.0,2025-12-21T20:11:42.017950Z,emerging_block_ips
23.235.128.0,2025-12-21T20:11:42.017953Z,emerging_block_ips
24.137.16.0,2025-12-21T20:11:42.017956Z,emerging_block_ips
24.170.208.0,2025-12-21T20:11:42.017959Z,emerging_block_ips
24.233.0.0,2025-12-21T20:11:42.017962Z,emerging_block_ips
24.236.0.0,2025-12-21T20:11:42.017965Z,emerging_block_ips
27.112.32.0,2025-12-21T20:11:42.017968Z,emerging_block_ips
27.122.32.0,2025-12-21T20:11:42.017971Z,emerging_block_ips
27.123.208.0,2025-12-21T20:11:42.017974Z,emerging_block_ips
27.124.0.0,2025-12-21T20:11:42.017977Z,emerging_block_ips
27.124.17.0,2025-12-21T20:11:42.017979Z,emerging_block_ips
27.124.41.0,2025-12-21T20:11:42.017982Z,emerging_block_ips
27.126.160.0,2025-12-21T20:11:42.017985Z,emerging_block_ips
27.146.0.0,2025-12-21T20:11:42.017988Z,emerging_block_ips
27.50.63.0,2025-12-21T20:11:42.017991Z,emerging_block_ips
27.99.128.0,2025-12-21T20:11:42.017994Z,emerging_block_ips
31.129.48.0,2025-12-21T20:11:42.017997Z,emerging_block_ips
31.129.49.0,2025-12-21T20:11:42.018000Z,emerging_block_ips
31.217.252.0,2025-12-21T20:11:42.018003Z,emerging_block_ips
31.222.236.0,2025-12-21T20:11:42.018006Z,emerging_block_ips
31.24.81.0,2025-12-21T20:11:42.018009Z,emerging_block_ips
31.40.204.0,2025-12-21T20:11:42.018011Z,emerging_block_ips
36.0.128.0,2025-12-21T20:11:42.018014Z,emerging_block_ips
36.0.8.0,2025-12-21T20:11:42.018017Z,emerging_block_ips
36.116.0.0,2025-12-21T20:11:42.018020Z,emerging_block_ips
36.119.0.0,2025-12-21T20:11:42.018023Z,emerging_block_ips
36.255.216.0,2025-12-21T20:11:42.018026Z,emerging_block_ips
36.255.236.0,2025-12-21T20:11:42.018029Z,emerging_block_ips
36.255.98.0,2025-12-21T20:11:42.018032Z,emerging_block_ips
36.37.48.0,2025-12-21T20:11:42.018035Z,emerging_block_ips
37.140.251.0,2025-12-21T20:11:42.018038Z,emerging_block_ips
37.156.64.0,2025-12-21T20:11:42.018041Z,emerging_block_ips
37.49.148.0,2025-12-21T20:11:42.018043Z,emerging_block_ips
37.77.144.0,2025-12-21T20:11:42.018046Z,emerging_block_ips
38.182.0.0,2025-12-21T20:11:42.018049Z,emerging_block_ips
38.92.176.0,2025-12-21T20:11:42.018052Z,emerging_block_ips
38.92.184.0,2025-12-21T20:11:42.018055Z,emerging_block_ips
41.71.128.0,2025-12-21T20:11:42.018058Z,emerging_block_ips
41.71.150.0,2025-12-21T20:11:42.018061Z,emerging_block_ips
41.71.222.0,2025-12-21T20:11:42.018064Z,emerging_block_ips
41.71.223.0,2025-12-21T20:11:42.018066Z,emerging_block_ips
41.71.224.0,2025-12-21T20:11:42.018069Z,emerging_block_ips
41.71.225.0,2025-12-21T20:11:42.018072Z,emerging_block_ips
41.71.226.0,2025-12-21T20:11:42.018075Z,emerging_block_ips
41.71.229.0,2025-12-21T20:11:42.018078Z,emerging_block_ips
41.71.230.0,2025-12-21T20:11:42.018081Z,emerging_block_ips
41.71.240.0,2025-12-21T20:11:42.018084Z,emerging_block_ips
42.0.128.0,2025-12-21T20:11:42.018087Z,emerging_block_ips
42.0.32.0,2025-12-21T20:11:42.018090Z,emerging_block_ips
42.128.0.0,2025-12-21T20:11:42.018093Z,emerging_block_ips
42.160.0.0,2025-12-21T20:11:42.018095Z,emerging_block_ips
42.208.0.0,2025-12-21T20:11:42.018098Z,emerging_block_ips
43.229.240.0,2025-12-21T20:11:42.018101Z,emerging_block_ips
43.229.52.0,2025-12-21T20:11:42.018104Z,emerging_block_ips
43.231.220.0,2025-12-21T20:11:42.018107Z,emerging_block_ips
43.236.0.0,2025-12-21T20:11:42.018110Z,emerging_block_ips
43.239.104.0,2025-12-21T20:11:42.018113Z,emerging_block_ips
43.246.180.0,2025-12-21T20:11:42.018116Z,emerging_block_ips
43.248.40.0,2025-12-21T20:11:42.018119Z,emerging_block_ips
45.10.166.0,2025-12-21T20:11:42.018122Z,emerging_block_ips
45.114.184.0,2025-12-21T20:11:42.018124Z,emerging_block_ips
45.114.200.0,2025-12-21T20:11:42.018127Z,emerging_block_ips
45.116.224.0,2025-12-21T20:11:42.018130Z,emerging_block_ips
45.117.140.0,2025-12-21T20:11:42.018133Z,emerging_block_ips
45.121.204.0,2025-12-21T20:11:42.018136Z,emerging_block_ips
45.125.66.0,2025-12-21T20:11:42.018139Z,emerging_block_ips
45.126.148.0,2025-12-21T20:11:42.018142Z,emerging_block_ips
45.13.213.0,2025-12-21T20:11:42.018145Z,emerging_block_ips
45.131.1.0,2025-12-21T20:11:42.018148Z,emerging_block_ips
45.132.180.0,2025-12-21T20:11:42.018151Z,emerging_block_ips
45.132.49.0,2025-12-21T20:11:42.018154Z,emerging_block_ips
45.133.246.0,2025-12-21T20:11:42.018156Z,emerging_block_ips
45.134.26.0,2025-12-21T20:11:42.018159Z,emerging_block_ips
45.135.193.0,2025-12-21T20:11:42.018162Z,emerging_block_ips
45.135.194.0,2025-12-21T20:11:42.018165Z,emerging_block_ips
45.135.232.0,2025-12-21T20:11:42.018168Z,emerging_block_ips
45.135.48.0,2025-12-21T20:11:42.018171Z,emerging_block_ips
45.138.100.0,2025-12-21T20:11:42.018174Z,emerging_block_ips
45.138.16.0,2025-12-21T20:11:42.018177Z,emerging_block_ips
45.139.104.0,2025-12-21T20:11:42.018180Z,emerging_block_ips
45.140.17.0,2025-12-21T20:11:42.018183Z,emerging_block_ips
45.141.198.0,2025-12-21T20:11:42.018185Z,emerging_block_ips
45.141.215.0,2025-12-21T20:11:42.018188Z,emerging_block_ips
45.141.56.0,2025-12-21T20:11:42.018191Z,emerging_block_ips
45.141.58.0,2025-12-21T20:11:42.018194Z,emerging_block_ips
45.141.84.0,2025-12-21T20:11:42.018197Z,emerging_block_ips
45.142.155.0,2025-12-21T20:11:42.018200Z,emerging_block_ips
45.142.193.0,2025-12-21T20:11:42.018203Z,emerging_block_ips
45.143.201.0,2025-12-21T20:11:42.018206Z,emerging_block_ips
45.144.212.0,2025-12-21T20:11:42.018212Z,emerging_block_ips
45.145.176.0,2025-12-21T20:11:42.018215Z,emerging_block_ips
45.146.130.0,2025-12-21T20:11:42.018218Z,emerging_block_ips
45.148.10.0,2025-12-21T20:11:42.018220Z,emerging_block_ips
45.148.120.0,2025-12-21T20:11:42.018223Z,emerging_block_ips
45.148.121.0,2025-12-21T20:11:42.018226Z,emerging_block_ips
45.15.21.0,2025-12-21T20:11:42.018229Z,emerging_block_ips
45.151.71.0,2025-12-21T20:11:42.018232Z,emerging_block_ips
45.152.149.0,2025-12-21T20:11:42.018235Z,emerging_block_ips
45.153.34.0,2025-12-21T20:11:42.018238Z,emerging_block_ips
45.154.98.0,2025-12-21T20:11:42.018241Z,emerging_block_ips
45.156.129.0,2025-12-21T20:11:42.018244Z,emerging_block_ips
45.156.87.0,2025-12-21T20:11:42.018247Z,emerging_block_ips
45.186.152.0,2025-12-21T20:11:42.018249Z,emerging_block_ips
45.192.178.0,2025-12-21T20:11:42.018252Z,emerging_block_ips
45.194.66.0,2025-12-21T20:11:42.018255Z,emerging_block_ips
45.194.92.0,2025-12-21T20:11:42.018258Z,emerging_block_ips
45.230.66.0,2025-12-21T20:11:42.018261Z,emerging_block_ips
45.248.88.0,2025-12-21T20:11:42.018265Z,emerging_block_ips
45.64.52.0,2025-12-21T20:11:42.018268Z,emerging_block_ips
45.64.74.0,2025-12-21T20:11:42.018271Z,emerging_block_ips
45.65.32.0,2025-12-21T20:11:42.018273Z,emerging_block_ips
45.74.10.0,2025-12-21T20:11:42.018276Z,emerging_block_ips
45.74.16.0,2025-12-21T20:11:42.018279Z,emerging_block_ips
45.74.57.0,2025-12-21T20:11:42.018282Z,emerging_block_ips
45.80.158.0,2025-12-21T20:11:42.018285Z,emerging_block_ips
45.80.248.0,2025-12-21T20:11:42.018300Z,emerging_block_ips
45.80.37.0,2025-12-21T20:11:42.018304Z,emerging_block_ips
45.81.23.0,2025-12-21T20:11:42.018307Z,emerging_block_ips
45.83.28.0,2025-12-21T20:11:42.018310Z,emerging_block_ips
45.83.31.0,2025-12-21T20:11:42.018313Z,emerging_block_ips
45.84.178.0,2025-12-21T20:11:42.018315Z,emerging_block_ips
45.86.18.0,2025-12-21T20:11:42.018318Z,emerging_block_ips
45.86.19.0,2025-12-21T20:11:42.018321Z,emerging_block_ips
45.86.48.0,2025-12-21T20:11:42.018324Z,emerging_block_ips
45.88.186.0,2025-12-21T20:11:42.018327Z,emerging_block_ips
45.9.168.0,2025-12-21T20:11:42.018330Z,emerging_block_ips
45.91.227.0,2025-12-21T20:11:42.018333Z,emerging_block_ips
45.92.1.0,2025-12-21T20:11:42.018336Z,emerging_block_ips
45.93.20.0,2025-12-21T20:11:42.018339Z,emerging_block_ips
45.94.31.0,2025-12-21T20:11:42.018341Z,emerging_block_ips
46.151.182.0,2025-12-21T20:11:42.018344Z,emerging_block_ips
46.173.214.0,2025-12-21T20:11:42.018347Z,emerging_block_ips
46.173.218.0,2025-12-21T20:11:42.018350Z,emerging_block_ips
46.173.219.0,2025-12-21T20:11:42.018353Z,emerging_block_ips
46.173.223.0,2025-12-21T20:11:42.018356Z,emerging_block_ips
46.173.240.0,2025-12-21T20:11:42.018359Z,emerging_block_ips
46.174.204.0,2025-12-21T20:11:42.018362Z,emerging_block_ips
49.156.160.0,2025-12-21T20:11:42.018365Z,emerging_block_ips
49.238.64.0,2025-12-21T20:11:42.018368Z,emerging_block_ips
49.89.240.0,2025-12-21T20:11:42.018370Z,emerging_block_ips
5.101.82.0,2025-12-21T20:11:42.018373Z,emerging_block_ips
5.105.220.0,2025-12-21T20:11:42.018376Z,emerging_block_ips
5.133.101.0,2025-12-21T20:11:42.018379Z,emerging_block_ips
5.183.129.0,2025-12-21T20:11:42.018382Z,emerging_block_ips
5.183.60.0,2025-12-21T20:11:42.018385Z,emerging_block_ips
5.188.236.0,2025-12-21T20:11:42.018388Z,emerging_block_ips
5.42.92.0,2025-12-21T20:11:42.018391Z,emerging_block_ips
51.210.96.48,2025-12-21T20:11:42.018393Z,emerging_block_ips
57.14.0.0,2025-12-21T20:11:42.018396Z,emerging_block_ips
57.37.0.0,2025-12-21T20:11:42.018399Z,emerging_block_ips
58.14.0.0,2025-12-21T20:11:42.018402Z,emerging_block_ips
58.2.0.0,2025-12-21T20:11:42.018405Z,emerging_block_ips
59.155.0.0,2025-12-21T20:11:42.018408Z,emerging_block_ips
60.200.0.0,2025-12-21T20:11:42.018411Z,emerging_block_ips
60.233.0.0,2025-12-21T20:11:42.018414Z,emerging_block_ips
61.11.224.0,2025-12-21T20:11:42.018417Z,emerging_block_ips
61.135.130.0,2025-12-21T20:11:42.018420Z,emerging_block_ips
61.45.251.0,2025-12-21T20:11:42.018422Z,emerging_block_ips
62.204.41.0,2025-12-21T20:11:42.018425Z,emerging_block_ips
62.60.130.0,2025-12-21T20:11:42.018428Z,emerging_block_ips
62.60.131.0,2025-12-21T20:11:42.018431Z,emerging_block_ips
62.60.135.0,2025-12-21T20:11:42.018434Z,emerging_block_ips
62.60.186.0,2025-12-21T20:11:42.018437Z,emerging_block_ips
62.60.188.0,2025-12-21T20:11:42.018440Z,emerging_block_ips
62.60.208.0,2025-12-21T20:11:42.018443Z,emerging_block_ips
62.60.224.0,2025-12-21T20:11:42.018446Z,emerging_block_ips
62.60.226.0,2025-12-21T20:11:42.018449Z,emerging_block_ips
63.106.68.0,2025-12-21T20:11:42.018451Z,emerging_block_ips
63.66.60.0,2025-12-21T20:11:42.018454Z,emerging_block_ips
63.80.8.0,2025-12-21T20:11:42.018457Z,emerging_block_ips
63.80.80.0,2025-12-21T20:11:42.018460Z,emerging_block_ips
64.116.200.0,2025-12-21T20:11:42.018463Z,emerging_block_ips
64.15.0.0,2025-12-21T20:11:42.018466Z,emerging_block_ips
64.250.144.0,2025-12-21T20:11:42.018469Z,emerging_block_ips
64.254.80.0,2025-12-21T20:11:42.018472Z,emerging_block_ips
64.62.156.0,2025-12-21T20:11:42.018475Z,emerging_block_ips
64.62.197.0,2025-12-21T20:11:42.018477Z,emerging_block_ips
64.92.224.0,2025-12-21T20:11:42.018480Z,emerging_block_ips
65.162.110.0,2025-12-21T20:11:42.018483Z,emerging_block_ips
65.205.64.0,2025-12-21T20:11:42.018486Z,emerging_block_ips
65.216.208.0,2025-12-21T20:11:42.018489Z,emerging_block_ips
65.49.1.0,2025-12-21T20:11:42.018492Z,emerging_block_ips
66.132.153.0,2025-12-21T20:11:42.018495Z,emerging_block_ips
67.219.208.0,2025-12-21T20:11:42.018498Z,emerging_block_ips
69.165.0.0,2025-12-21T20:11:42.018501Z,emerging_block_ips
69.36.44.0,2025-12-21T20:11:42.018504Z,emerging_block_ips
69.5.189.0,2025-12-21T20:11:42.018507Z,emerging_block_ips
74.114.148.0,2025-12-21T20:11:42.018509Z,emerging_block_ips
76.74.0.0,2025-12-21T20:11:42.018512Z,emerging_block_ips
76.74.36.0,2025-12-21T20:11:42.018515Z,emerging_block_ips
76.74.40.0,2025-12-21T20:11:42.018518Z,emerging_block_ips
76.74.42.0,2025-12-21T20:11:42.018521Z,emerging_block_ips
76.74.52.0,2025-12-21T20:11:42.018524Z,emerging_block_ips
76.74.60.0,2025-12-21T20:11:42.018527Z,emerging_block_ips
76.74.78.0,2025-12-21T20:11:42.018530Z,emerging_block_ips
77.109.3.0,2025-12-21T20:11:42.018532Z,emerging_block_ips
77.221.134.0,2025-12-21T20:11:42.018535Z,emerging_block_ips
77.221.146.0,2025-12-21T20:11:42.018538Z,emerging_block_ips
77.244.221.0,2025-12-21T20:11:42.018541Z,emerging_block_ips
77.36.112.0,2025-12-21T20:11:42.018544Z,emerging_block_ips
77.47.152.0,2025-12-21T20:11:42.018547Z,emerging_block_ips
77.47.178.0,2025-12-21T20:11:42.018550Z,emerging_block_ips
77.47.242.0,2025-12-21T20:11:42.018553Z,emerging_block_ips
77.81.84.0,2025-12-21T20:11:42.018556Z,emerging_block_ips
77.81.86.0,2025-12-21T20:11:42.018559Z,emerging_block_ips
77.81.89.0,2025-12-21T20:11:42.018562Z,emerging_block_ips
77.83.39.0,2025-12-21T20:11:42.018564Z,emerging_block_ips
77.90.154.0,2025-12-21T20:11:42.018567Z,emerging_block_ips
77.90.185.0,2025-12-21T20:11:42.018570Z,emerging_block_ips
77.91.76.0,2025-12-21T20:11:42.018573Z,emerging_block_ips
78.128.114.0,2025-12-21T20:11:42.018576Z,emerging_block_ips
78.153.140.0,2025-12-21T20:11:42.018579Z,emerging_block_ips
78.159.156.0,2025-12-21T20:11:42.018582Z,emerging_block_ips
78.40.143.0,2025-12-21T20:11:42.018585Z,emerging_block_ips
79.124.62.0,2025-12-21T20:11:42.018588Z,emerging_block_ips
79.141.79.0,2025-12-21T20:11:42.018590Z,emerging_block_ips
80.208.192.0,2025-12-21T20:11:42.018593Z,emerging_block_ips
80.244.11.0,2025-12-21T20:11:42.018596Z,emerging_block_ips
80.66.65.0,2025-12-21T20:11:42.018599Z,emerging_block_ips
80.66.75.0,2025-12-21T20:11:42.018602Z,emerging_block_ips
80.66.77.0,2025-12-21T20:11:42.018605Z,emerging_block_ips
80.94.92.0,2025-12-21T20:11:42.018608Z,emerging_block_ips
80.94.95.0,2025-12-21T20:11:42.018611Z,emerging_block_ips
80.97.160.0,2025-12-21T20:11:42.018614Z,emerging_block_ips
80.97.47.0,2025-12-21T20:11:42.018617Z,emerging_block_ips
81.30.107.0,2025-12-21T20:11:42.018620Z,emerging_block_ips
81.94.150.0,2025-12-21T20:11:42.018623Z,emerging_block_ips
81.94.159.0,2025-12-21T20:11:42.018629Z,emerging_block_ips
82.135.156.0,2025-12-21T20:11:42.018632Z,emerging_block_ips
82.135.228.0,2025-12-21T20:11:42.018635Z,emerging_block_ips
83.142.209.0,2025-12-21T20:11:42.018638Z,emerging_block_ips
83.142.214.0,2025-12-21T20:11:42.018641Z,emerging_block_ips
83.175.0.0,2025-12-21T20:11:42.018643Z,emerging_block_ips
83.218.218.0,2025-12-21T20:11:42.018646Z,emerging_block_ips
84.54.33.0,2025-12-21T20:11:42.018649Z,emerging_block_ips
85.114.120.0,2025-12-21T20:11:42.018652Z,emerging_block_ips
85.121.236.0,2025-12-21T20:11:42.018655Z,emerging_block_ips
85.158.149.0,2025-12-21T20:11:42.018658Z,emerging_block_ips
85.192.49.0,2025-12-21T20:11:42.018661Z,emerging_block_ips
85.203.26.0,2025-12-21T20:11:42.018664Z,emerging_block_ips
85.208.212.0,2025-12-21T20:11:42.018667Z,emerging_block_ips
86.104.222.0,2025-12-21T20:11:42.018670Z,emerging_block_ips
86.104.224.0,2025-12-21T20:11:42.018673Z,emerging_block_ips
86.105.176.0,2025-12-21T20:11:42.018675Z,emerging_block_ips
86.105.178.0,2025-12-21T20:11:42.018678Z,emerging_block_ips
86.105.186.0,2025-12-21T20:11:42.018681Z,emerging_block_ips
86.105.2.0,2025-12-21T20:11:42.018684Z,emerging_block_ips
86.105.229.0,2025-12-21T20:11:42.018687Z,emerging_block_ips
86.105.230.0,2025-12-21T20:11:42.018690Z,emerging_block_ips
86.105.6.0,2025-12-21T20:11:42.018693Z,emerging_block_ips
86.106.10.0,2025-12-21T20:11:42.018696Z,emerging_block_ips
86.106.104.0,2025-12-21T20:11:42.018699Z,emerging_block_ips
86.106.106.0,2025-12-21T20:11:42.018702Z,emerging_block_ips
86.106.110.0,2025-12-21T20:11:42.018704Z,emerging_block_ips
86.106.13.0,2025-12-21T20:11:42.018707Z,emerging_block_ips
86.106.14.0,2025-12-21T20:11:42.018710Z,emerging_block_ips
86.106.140.0,2025-12-21T20:11:42.018713Z,emerging_block_ips
86.106.174.0,2025-12-21T20:11:42.018716Z,emerging_block_ips
86.106.80.0,2025-12-21T20:11:42.018719Z,emerging_block_ips
86.106.94.0,2025-12-21T20:11:42.018722Z,emerging_block_ips
86.107.193.0,2025-12-21T20:11:42.018725Z,emerging_block_ips
86.107.194.0,2025-12-21T20:11:42.018728Z,emerging_block_ips
86.107.72.0,2025-12-21T20:11:42.018731Z,emerging_block_ips
86.111.228.0,2025-12-21T20:11:42.018733Z,emerging_block_ips
86.54.26.0,2025-12-21T20:11:42.018736Z,emerging_block_ips
86.54.42.0,2025-12-21T20:11:42.018739Z,emerging_block_ips
87.120.191.0,2025-12-21T20:11:42.018742Z,emerging_block_ips
87.120.93.0,2025-12-21T20:11:42.018745Z,emerging_block_ips
87.121.79.0,2025-12-21T20:11:42.018748Z,emerging_block_ips
87.121.84.0,2025-12-21T20:11:42.018751Z,emerging_block_ips
87.228.112.0,2025-12-21T20:11:42.018754Z,emerging_block_ips
87.228.25.0,2025-12-21T20:11:42.018757Z,emerging_block_ips
87.251.79.0,2025-12-21T20:11:42.018759Z,emerging_block_ips
88.210.63.0,2025-12-21T20:11:42.018762Z,emerging_block_ips
88.218.64.0,2025-12-21T20:11:42.018765Z,emerging_block_ips
89.190.156.0,2025-12-21T20:11:42.018768Z,emerging_block_ips
89.23.126.0,2025-12-21T20:11:42.018771Z,emerging_block_ips
89.251.10.0,2025-12-21T20:11:42.018774Z,emerging_block_ips
89.32.170.0,2025-12-21T20:11:42.018777Z,emerging_block_ips
89.32.202.0,2025-12-21T20:11:42.018780Z,emerging_block_ips
89.32.43.0,2025-12-21T20:11:42.018783Z,emerging_block_ips
89.33.134.0,2025-12-21T20:11:42.018795Z,emerging_block_ips
89.33.206.0,2025-12-21T20:11:42.018798Z,emerging_block_ips
89.33.250.0,2025-12-21T20:11:42.018801Z,emerging_block_ips
89.33.254.0,2025-12-21T20:11:42.018804Z,emerging_block_ips
89.33.46.0,2025-12-21T20:11:42.018807Z,emerging_block_ips
89.34.0.0,2025-12-21T20:11:42.018810Z,emerging_block_ips
89.34.102.0,2025-12-21T20:11:42.018813Z,emerging_block_ips
89.34.104.0,2025-12-21T20:11:42.018815Z,emerging_block_ips
89.34.4.0,2025-12-21T20:11:42.018818Z,emerging_block_ips
89.35.89.0,2025-12-21T20:11:42.018821Z,emerging_block_ips
89.35.90.0,2025-12-21T20:11:42.018824Z,emerging_block_ips
89.36.136.0,2025-12-21T20:11:42.018827Z,emerging_block_ips
89.36.138.0,2025-12-21T20:11:42.018830Z,emerging_block_ips
89.36.141.0,2025-12-21T20:11:42.018833Z,emerging_block_ips
89.37.96.0,2025-12-21T20:11:42.018836Z,emerging_block_ips
89.38.240.0,2025-12-21T20:11:42.018839Z,emerging_block_ips
89.39.215.0,2025-12-21T20:11:42.018841Z,emerging_block_ips
89.39.69.0,2025-12-21T20:11:42.018844Z,emerging_block_ips
89.40.138.0,2025-12-21T20:11:42.018847Z,emerging_block_ips
89.40.207.0,2025-12-21T20:11:42.018850Z,emerging_block_ips
89.40.209.0,2025-12-21T20:11:42.018853Z,emerging_block_ips
89.41.50.0,2025-12-21T20:11:42.018856Z,emerging_block_ips
89.43.50.0,2025-12-21T20:11:42.018859Z,emerging_block_ips
89.45.82.0,2025-12-21T20:11:42.018862Z,emerging_block_ips
89.46.47.0,2025-12-21T20:11:42.018865Z,emerging_block_ips
91.200.133.0,2025-12-21T20:11:42.018868Z,emerging_block_ips
91.200.164.0,2025-12-21T20:11:42.018870Z,emerging_block_ips
91.202.233.0,2025-12-21T20:11:42.018873Z,emerging_block_ips
91.203.192.0,2025-12-21T20:11:42.018876Z,emerging_block_ips
91.203.193.0,2025-12-21T20:11:42.018879Z,emerging_block_ips
91.204.224.0,2025-12-21T20:11:42.018882Z,emerging_block_ips
91.206.169.0,2025-12-21T20:11:42.018885Z,emerging_block_ips
91.212.166.0,2025-12-21T20:11:42.018888Z,emerging_block_ips
91.214.109.0,2025-12-21T20:11:42.018891Z,emerging_block_ips
91.215.85.0,2025-12-21T20:11:42.018894Z,emerging_block_ips
91.218.236.0,2025-12-21T20:11:42.018897Z,emerging_block_ips
91.220.163.0,2025-12-21T20:11:42.018899Z,emerging_block_ips
91.224.92.0,2025-12-21T20:11:42.018902Z,emerging_block_ips
91.228.168.0,2025-12-21T20:11:42.018905Z,emerging_block_ips
91.228.68.0,2025-12-21T20:11:42.018908Z,emerging_block_ips
91.229.52.0,2025-12-21T20:11:42.018911Z,emerging_block_ips
91.231.222.0,2025-12-21T20:11:42.018914Z,emerging_block_ips
91.232.18.0,2025-12-21T20:11:42.018917Z,emerging_block_ips
91.233.0.0,2025-12-21T20:11:42.018920Z,emerging_block_ips
91.235.130.0,2025-12-21T20:11:42.018923Z,emerging_block_ips
91.242.228.0,2025-12-21T20:11:42.018926Z,emerging_block_ips
91.243.93.0,2025-12-21T20:11:42.018929Z,emerging_block_ips
91.246.176.0,2025-12-21T20:11:42.018932Z,emerging_block_ips
91.246.43.0,2025-12-21T20:11:42.018935Z,emerging_block_ips
91.92.240.0,2025-12-21T20:11:42.018937Z,emerging_block_ips
91.92.46.0,2025-12-21T20:11:42.018940Z,emerging_block_ips
92.118.39.0,2025-12-21T20:11:42.018943Z,emerging_block_ips
92.119.194.0,2025-12-21T20:11:42.018946Z,emerging_block_ips
92.249.63.0,2025-12-21T20:11:42.018949Z,emerging_block_ips
92.255.57.0,2025-12-21T20:11:42.018952Z,emerging_block_ips
92.63.197.0,2025-12-21T20:11:42.018955Z,emerging_block_ips
92.87.6.0,2025-12-21T20:11:42.018958Z,emerging_block_ips
93.114.51.0,2025-12-21T20:11:42.018961Z,emerging_block_ips
93.114.52.0,2025-12-21T20:11:42.018964Z,emerging_block_ips
93.114.54.0,2025-12-21T20:11:42.018967Z,emerging_block_ips
93.114.58.0,2025-12-21T20:11:42.018970Z,emerging_block_ips
93.115.59.0,2025-12-21T20:11:42.018972Z,emerging_block_ips
93.119.118.0,2025-12-21T20:11:42.018975Z,emerging_block_ips
93.119.120.0,2025-12-21T20:11:42.018978Z,emerging_block_ips
93.123.109.0,2025-12-21T20:11:42.018981Z,emerging_block_ips
93.152.219.0,2025-12-21T20:11:42.018984Z,emerging_block_ips
94.103.188.0,2025-12-21T20:11:42.018987Z,emerging_block_ips
94.154.35.0,2025-12-21T20:11:42.018990Z,emerging_block_ips
94.26.105.0,2025-12-21T20:11:42.018993Z,emerging_block_ips
94.26.38.0,2025-12-21T20:11:42.018996Z,emerging_block_ips
94.26.88.0,2025-12-21T20:11:42.018998Z,emerging_block_ips
94.26.90.0,2025-12-21T20:11:42.019001Z,emerging_block_ips
94.74.152.0,2025-12-21T20:11:42.019004Z,emerging_block_ips
94.74.157.0,2025-12-21T20:11:42.019007Z,emerging_block_ips
94.74.164.0,2025-12-21T20:11:42.019010Z,emerging_block_ips
94.74.182.0,2025-12-21T20:11:42.019013Z,emerging_block_ips
94.74.191.0,2025-12-21T20:11:42.019016Z,emerging_block_ips
95.161.128.0,2025-12-21T20:11:42.019019Z,emerging_block_ips
95.164.131.0,2025-12-21T20:11:42.019022Z,emerging_block_ips
95.164.162.0,2025-12-21T20:11:42.019025Z,emerging_block_ips
95.213.154.0,2025-12-21T20:11:42.019028Z,emerging_block_ips
95.213.159.0,2025-12-21T20:11:42.019030Z,emerging_block_ips
96.31.94.0,2025-12-21T20:11:42.019033Z,emerging_block_ips
98.98.195.0,2025-12-21T20:11:42.019039Z,emerging_block_ips
