ip,collected_at,source
1.10.16.0,2025-12-18T19:42:03.778911Z,spamhaus_drop
1.19.0.0,2025-12-18T19:42:03.778921Z,spamhaus_drop
1.32.128.0,2025-12-18T19:42:03.778924Z,spamhaus_drop
101.134.0.0,2025-12-18T19:42:03.778926Z,spamhaus_drop
101.203.128.0,2025-12-18T19:42:03.778928Z,spamhaus_drop
101.99.92.0,2025-12-18T19:42:03.778930Z,spamhaus_drop
101.99.95.0,2025-12-18T19:42:03.778932Z,spamhaus_drop
102.135.91.0,2025-12-18T19:42:03.778934Z,spamhaus_drop
102.211.56.0,2025-12-18T19:42:03.778936Z,spamhaus_drop
102.216.254.0,2025-12-18T19:42:03.778938Z,spamhaus_drop
102.220.112.0,2025-12-18T19:42:03.778940Z,spamhaus_drop
102.240.1.0,2025-12-18T19:42:03.778942Z,spamhaus_drop
103.1.43.0,2025-12-18T19:42:03.778944Z,spamhaus_drop
103.102.236.0,2025-12-18T19:42:03.778946Z,spamhaus_drop
103.104.0.0,2025-12-18T19:42:03.778948Z,spamhaus_drop
103.105.240.0,2025-12-18T19:42:03.778950Z,spamhaus_drop
103.107.20.0,2025-12-18T19:42:03.778952Z,spamhaus_drop
103.109.107.0,2025-12-18T19:42:03.778954Z,spamhaus_drop
103.110.104.0,2025-12-18T19:42:03.778956Z,spamhaus_drop
103.113.144.0,2025-12-18T19:42:03.778958Z,spamhaus_drop
103.116.44.0,2025-12-18T19:42:03.778959Z,spamhaus_drop
103.12.220.0,2025-12-18T19:42:03.778961Z,spamhaus_drop
103.13.140.0,2025-12-18T19:42:03.778963Z,spamhaus_drop
103.130.147.0,2025-12-18T19:42:03.778965Z,spamhaus_drop
103.133.136.0,2025-12-18T19:42:03.778967Z,spamhaus_drop
103.135.207.0,2025-12-18T19:42:03.778969Z,spamhaus_drop
103.146.208.0,2025-12-18T19:42:03.778971Z,spamhaus_drop
103.148.42.0,2025-12-18T19:42:03.778973Z,spamhaus_drop
103.153.254.0,2025-12-18T19:42:03.778975Z,spamhaus_drop
103.155.236.0,2025-12-18T19:42:03.778976Z,spamhaus_drop
103.157.75.0,2025-12-18T19:42:03.778978Z,spamhaus_drop
103.171.236.0,2025-12-18T19:42:03.778980Z,spamhaus_drop
103.173.40.0,2025-12-18T19:42:03.778982Z,spamhaus_drop
103.174.130.0,2025-12-18T19:42:03.778984Z,spamhaus_drop
103.175.229.0,2025-12-18T19:42:03.778986Z,spamhaus_drop
103.177.238.0,2025-12-18T19:42:03.778988Z,spamhaus_drop
103.179.148.0,2025-12-18T19:42:03.778989Z,spamhaus_drop
103.185.162.0,2025-12-18T19:42:03.778991Z,spamhaus_drop
103.185.163.0,2025-12-18T19:42:03.778993Z,spamhaus_drop
103.19.116.0,2025-12-18T19:42:03.778995Z,spamhaus_drop
103.19.188.0,2025-12-18T19:42:03.778997Z,spamhaus_drop
103.192.228.0,2025-12-18T19:42:03.778999Z,spamhaus_drop
103.193.184.0,2025-12-18T19:42:03.779001Z,spamhaus_drop
103.195.144.0,2025-12-18T19:42:03.779002Z,spamhaus_drop
103.198.36.0,2025-12-18T19:42:03.779004Z,spamhaus_drop
103.20.156.0,2025-12-18T19:42:03.779006Z,spamhaus_drop
103.20.72.0,2025-12-18T19:42:03.779008Z,spamhaus_drop
103.214.56.0,2025-12-18T19:42:03.779010Z,spamhaus_drop
103.215.80.0,2025-12-18T19:42:03.779012Z,spamhaus_drop
103.228.196.0,2025-12-18T19:42:03.779013Z,spamhaus_drop
103.228.60.0,2025-12-18T19:42:03.779015Z,spamhaus_drop
103.229.124.0,2025-12-18T19:42:03.779017Z,spamhaus_drop
103.23.12.0,2025-12-18T19:42:03.779019Z,spamhaus_drop
103.230.24.0,2025-12-18T19:42:03.779021Z,spamhaus_drop
103.232.200.0,2025-12-18T19:42:03.779023Z,spamhaus_drop
103.232.36.0,2025-12-18T19:42:03.779024Z,spamhaus_drop
103.236.32.0,2025-12-18T19:42:03.779026Z,spamhaus_drop
103.237.86.0,2025-12-18T19:42:03.779028Z,spamhaus_drop
103.240.252.0,2025-12-18T19:42:03.779030Z,spamhaus_drop
103.242.4.0,2025-12-18T19:42:03.779032Z,spamhaus_drop
103.243.240.0,2025-12-18T19:42:03.779034Z,spamhaus_drop
103.248.68.0,2025-12-18T19:42:03.779035Z,spamhaus_drop
103.249.72.0,2025-12-18T19:42:03.779037Z,spamhaus_drop
103.25.88.0,2025-12-18T19:42:03.779039Z,spamhaus_drop
103.250.172.0,2025-12-18T19:42:03.779042Z,spamhaus_drop
103.250.224.0,2025-12-18T19:42:03.779044Z,spamhaus_drop
103.252.228.0,2025-12-18T19:42:03.779046Z,spamhaus_drop
103.253.216.0,2025-12-18T19:42:03.779048Z,spamhaus_drop
103.254.108.0,2025-12-18T19:42:03.779050Z,spamhaus_drop
103.255.56.0,2025-12-18T19:42:03.779052Z,spamhaus_drop
103.29.120.0,2025-12-18T19:42:03.779054Z,spamhaus_drop
103.3.212.0,2025-12-18T19:42:03.779055Z,spamhaus_drop
103.30.12.0,2025-12-18T19:42:03.779057Z,spamhaus_drop
103.32.0.0,2025-12-18T19:42:03.779059Z,spamhaus_drop
103.32.132.0,2025-12-18T19:42:03.779061Z,spamhaus_drop
103.34.0.0,2025-12-18T19:42:03.779063Z,spamhaus_drop
103.36.64.0,2025-12-18T19:42:03.779069Z,spamhaus_drop
103.37.118.0,2025-12-18T19:42:03.779071Z,spamhaus_drop
103.4.32.0,2025-12-18T19:42:03.779073Z,spamhaus_drop
103.43.140.0,2025-12-18T19:42:03.779074Z,spamhaus_drop
103.44.208.0,2025-12-18T19:42:03.779076Z,spamhaus_drop
103.48.36.0,2025-12-18T19:42:03.779078Z,spamhaus_drop
103.5.116.0,2025-12-18T19:42:03.779080Z,spamhaus_drop
103.52.48.0,2025-12-18T19:42:03.779082Z,spamhaus_drop
103.54.164.0,2025-12-18T19:42:03.779084Z,spamhaus_drop
103.55.84.0,2025-12-18T19:42:03.779085Z,spamhaus_drop
103.56.144.0,2025-12-18T19:42:03.779088Z,spamhaus_drop
103.58.68.0,2025-12-18T19:42:03.779089Z,spamhaus_drop
103.6.36.0,2025-12-18T19:42:03.779091Z,spamhaus_drop
103.7.198.0,2025-12-18T19:42:03.779093Z,spamhaus_drop
103.70.114.0,2025-12-18T19:42:03.779095Z,spamhaus_drop
103.72.200.0,2025-12-18T19:42:03.779097Z,spamhaus_drop
103.80.132.0,2025-12-18T19:42:03.779099Z,spamhaus_drop
103.81.44.0,2025-12-18T19:42:03.779101Z,spamhaus_drop
103.83.86.0,2025-12-18T19:42:03.779103Z,spamhaus_drop
103.84.170.0,2025-12-18T19:42:03.779105Z,spamhaus_drop
103.84.196.0,2025-12-18T19:42:03.779107Z,spamhaus_drop
103.95.180.0,2025-12-18T19:42:03.779109Z,spamhaus_drop
103.97.2.0,2025-12-18T19:42:03.779110Z,spamhaus_drop
104.152.52.0,2025-12-18T19:42:03.779112Z,spamhaus_drop
104.193.228.0,2025-12-18T19:42:03.779114Z,spamhaus_drop
104.244.56.0,2025-12-18T19:42:03.779116Z,spamhaus_drop
104.244.80.0,2025-12-18T19:42:03.779118Z,spamhaus_drop
104.250.163.0,2025-12-18T19:42:03.779120Z,spamhaus_drop
104.250.164.0,2025-12-18T19:42:03.779122Z,spamhaus_drop
104.37.1.0,2025-12-18T19:42:03.779123Z,spamhaus_drop
106.48.64.0,2025-12-18T19:42:03.779125Z,spamhaus_drop
106.95.0.0,2025-12-18T19:42:03.779127Z,spamhaus_drop
107.155.224.0,2025-12-18T19:42:03.779130Z,spamhaus_drop
107.182.240.0,2025-12-18T19:42:03.779132Z,spamhaus_drop
109.107.146.0,2025-12-18T19:42:03.779134Z,spamhaus_drop
109.120.136.0,2025-12-18T19:42:03.779135Z,spamhaus_drop
109.236.50.0,2025-12-18T19:42:03.779137Z,spamhaus_drop
110.172.192.0,2025-12-18T19:42:03.779139Z,spamhaus_drop
110.34.48.0,2025-12-18T19:42:03.779141Z,spamhaus_drop
110.34.56.0,2025-12-18T19:42:03.779143Z,spamhaus_drop
110.34.60.0,2025-12-18T19:42:03.779145Z,spamhaus_drop
110.44.104.0,2025-12-18T19:42:03.779147Z,spamhaus_drop
110.44.144.0,2025-12-18T19:42:03.779148Z,spamhaus_drop
110.48.0.0,2025-12-18T19:42:03.779150Z,spamhaus_drop
110.48.192.0,2025-12-18T19:42:03.779152Z,spamhaus_drop
111.66.64.0,2025-12-18T19:42:03.779154Z,spamhaus_drop
111.68.64.0,2025-12-18T19:42:03.779156Z,spamhaus_drop
111.90.156.0,2025-12-18T19:42:03.779157Z,spamhaus_drop
111.90.157.0,2025-12-18T19:42:03.779159Z,spamhaus_drop
112.142.0.0,2025-12-18T19:42:03.779161Z,spamhaus_drop
112.142.160.0,2025-12-18T19:42:03.779163Z,spamhaus_drop
112.143.0.0,2025-12-18T19:42:03.779165Z,spamhaus_drop
112.213.96.0,2025-12-18T19:42:03.779168Z,spamhaus_drop
112.90.143.0,2025-12-18T19:42:03.779170Z,spamhaus_drop
113.212.128.0,2025-12-18T19:42:03.779171Z,spamhaus_drop
113.213.128.0,2025-12-18T19:42:03.779173Z,spamhaus_drop
114.134.28.0,2025-12-18T19:42:03.779175Z,spamhaus_drop
114.231.216.0,2025-12-18T19:42:03.779177Z,spamhaus_drop
114.239.188.0,2025-12-18T19:42:03.779179Z,spamhaus_drop
115.144.69.0,2025-12-18T19:42:03.779181Z,spamhaus_drop
115.167.3.0,2025-12-18T19:42:03.779182Z,spamhaus_drop
115.167.64.0,2025-12-18T19:42:03.779184Z,spamhaus_drop
115.167.9.0,2025-12-18T19:42:03.779186Z,spamhaus_drop
117.120.136.0,2025-12-18T19:42:03.779188Z,spamhaus_drop
117.18.0.0,2025-12-18T19:42:03.779190Z,spamhaus_drop
117.60.11.0,2025-12-18T19:42:03.779192Z,spamhaus_drop
118.107.16.0,2025-12-18T19:42:03.779193Z,spamhaus_drop
119.13.179.0,2025-12-18T19:42:03.779195Z,spamhaus_drop
119.161.184.0,2025-12-18T19:42:03.779197Z,spamhaus_drop
119.227.224.0,2025-12-18T19:42:03.779199Z,spamhaus_drop
119.232.0.0,2025-12-18T19:42:03.779201Z,spamhaus_drop
119.27.192.0,2025-12-18T19:42:03.779210Z,spamhaus_drop
119.58.0.0,2025-12-18T19:42:03.779212Z,spamhaus_drop
119.82.12.0,2025-12-18T19:42:03.779214Z,spamhaus_drop
120.128.128.0,2025-12-18T19:42:03.779216Z,spamhaus_drop
120.128.192.0,2025-12-18T19:42:03.779218Z,spamhaus_drop
120.129.0.0,2025-12-18T19:42:03.779220Z,spamhaus_drop
120.129.128.0,2025-12-18T19:42:03.779222Z,spamhaus_drop
120.130.0.0,2025-12-18T19:42:03.779223Z,spamhaus_drop
120.130.128.0,2025-12-18T19:42:03.779225Z,spamhaus_drop
120.233.59.0,2025-12-18T19:42:03.779227Z,spamhaus_drop
120.30.0.0,2025-12-18T19:42:03.779229Z,spamhaus_drop
120.30.64.0,2025-12-18T19:42:03.779231Z,spamhaus_drop
120.64.0.0,2025-12-18T19:42:03.779233Z,spamhaus_drop
120.67.0.0,2025-12-18T19:42:03.779234Z,spamhaus_drop
121.127.233.0,2025-12-18T19:42:03.779236Z,spamhaus_drop
121.14.35.0,2025-12-18T19:42:03.779238Z,spamhaus_drop
121.234.236.0,2025-12-18T19:42:03.779240Z,spamhaus_drop
122.10.112.0,2025-12-18T19:42:03.779242Z,spamhaus_drop
122.129.0.0,2025-12-18T19:42:03.779244Z,spamhaus_drop
123.108.0.0,2025-12-18T19:42:03.779245Z,spamhaus_drop
123.108.108.0,2025-12-18T19:42:03.779247Z,spamhaus_drop
123.136.80.0,2025-12-18T19:42:03.779249Z,spamhaus_drop
123.242.0.0,2025-12-18T19:42:03.779251Z,spamhaus_drop
123.253.204.0,2025-12-18T19:42:03.779253Z,spamhaus_drop
124.147.128.0,2025-12-18T19:42:03.779255Z,spamhaus_drop
124.157.0.0,2025-12-18T19:42:03.779256Z,spamhaus_drop
124.198.131.0,2025-12-18T19:42:03.779258Z,spamhaus_drop
124.198.132.0,2025-12-18T19:42:03.779260Z,spamhaus_drop
124.20.0.0,2025-12-18T19:42:03.779262Z,spamhaus_drop
124.21.0.0,2025-12-18T19:42:03.779264Z,spamhaus_drop
124.242.0.0,2025-12-18T19:42:03.779266Z,spamhaus_drop
124.68.0.0,2025-12-18T19:42:03.779268Z,spamhaus_drop
125.31.192.0,2025-12-18T19:42:03.779269Z,spamhaus_drop
125.58.0.0,2025-12-18T19:42:03.779271Z,spamhaus_drop
129.227.90.0,2025-12-18T19:42:03.779273Z,spamhaus_drop
129.56.0.0,2025-12-18T19:42:03.779275Z,spamhaus_drop
130.12.180.0,2025-12-18T19:42:03.779277Z,spamhaus_drop
130.148.0.0,2025-12-18T19:42:03.779279Z,spamhaus_drop
130.196.0.0,2025-12-18T19:42:03.779281Z,spamhaus_drop
130.222.0.0,2025-12-18T19:42:03.779282Z,spamhaus_drop
131.0.152.0,2025-12-18T19:42:03.779284Z,spamhaus_drop
131.108.16.0,2025-12-18T19:42:03.779286Z,spamhaus_drop
134.122.128.0,2025-12-18T19:42:03.779288Z,spamhaus_drop
134.122.168.0,2025-12-18T19:42:03.779290Z,spamhaus_drop
134.122.188.0,2025-12-18T19:42:03.779292Z,spamhaus_drop
134.122.189.0,2025-12-18T19:42:03.779293Z,spamhaus_drop
134.18.0.0,2025-12-18T19:42:03.779295Z,spamhaus_drop
136.230.0.0,2025-12-18T19:42:03.779297Z,spamhaus_drop
137.105.0.0,2025-12-18T19:42:03.779299Z,spamhaus_drop
137.218.0.0,2025-12-18T19:42:03.779301Z,spamhaus_drop
137.220.128.0,2025-12-18T19:42:03.779303Z,spamhaus_drop
137.42.0.0,2025-12-18T19:42:03.779304Z,spamhaus_drop
137.59.60.0,2025-12-18T19:42:03.779306Z,spamhaus_drop
137.72.0.0,2025-12-18T19:42:03.779308Z,spamhaus_drop
138.125.0.0,2025-12-18T19:42:03.779310Z,spamhaus_drop
138.185.116.0,2025-12-18T19:42:03.779312Z,spamhaus_drop
138.219.172.0,2025-12-18T19:42:03.779314Z,spamhaus_drop
138.226.236.0,2025-12-18T19:42:03.779315Z,spamhaus_drop
138.226.238.0,2025-12-18T19:42:03.779317Z,spamhaus_drop
138.249.24.0,2025-12-18T19:42:03.779319Z,spamhaus_drop
138.249.32.0,2025-12-18T19:42:03.779321Z,spamhaus_drop
138.249.40.0,2025-12-18T19:42:03.779323Z,spamhaus_drop
138.36.136.0,2025-12-18T19:42:03.779325Z,spamhaus_drop
138.36.92.0,2025-12-18T19:42:03.779326Z,spamhaus_drop
138.59.204.0,2025-12-18T19:42:03.779328Z,spamhaus_drop
138.59.4.0,2025-12-18T19:42:03.779330Z,spamhaus_drop
138.94.216.0,2025-12-18T19:42:03.779332Z,spamhaus_drop
138.97.156.0,2025-12-18T19:42:03.779334Z,spamhaus_drop
138.99.36.0,2025-12-18T19:42:03.779336Z,spamhaus_drop
139.183.192.0,2025-12-18T19:42:03.779338Z,spamhaus_drop
139.190.234.0,2025-12-18T19:42:03.779340Z,spamhaus_drop
14.128.32.0,2025-12-18T19:42:03.779341Z,spamhaus_drop
14.128.48.0,2025-12-18T19:42:03.779343Z,spamhaus_drop
14.152.94.0,2025-12-18T19:42:03.779345Z,spamhaus_drop
140.82.64.0,2025-12-18T19:42:03.779347Z,spamhaus_drop
140.82.96.0,2025-12-18T19:42:03.779349Z,spamhaus_drop
141.178.0.0,2025-12-18T19:42:03.779350Z,spamhaus_drop
141.206.128.0,2025-12-18T19:42:03.779352Z,spamhaus_drop
141.98.10.0,2025-12-18T19:42:03.779354Z,spamhaus_drop
141.98.11.0,2025-12-18T19:42:03.779356Z,spamhaus_drop
141.98.84.0,2025-12-18T19:42:03.779358Z,spamhaus_drop
142.102.0.0,2025-12-18T19:42:03.779360Z,spamhaus_drop
143.0.236.0,2025-12-18T19:42:03.779362Z,spamhaus_drop
143.92.32.0,2025-12-18T19:42:03.779363Z,spamhaus_drop
143.92.43.0,2025-12-18T19:42:03.779365Z,spamhaus_drop
143.92.48.0,2025-12-18T19:42:03.779367Z,spamhaus_drop
144.215.0.0,2025-12-18T19:42:03.779369Z,spamhaus_drop
145.231.0.0,2025-12-18T19:42:03.779371Z,spamhaus_drop
146.106.0.0,2025-12-18T19:42:03.779372Z,spamhaus_drop
146.185.222.0,2025-12-18T19:42:03.779374Z,spamhaus_drop
146.19.5.0,2025-12-18T19:42:03.779376Z,spamhaus_drop
146.252.0.0,2025-12-18T19:42:03.779378Z,spamhaus_drop
146.3.0.0,2025-12-18T19:42:03.779380Z,spamhaus_drop
146.47.0.0,2025-12-18T19:42:03.779382Z,spamhaus_drop
146.51.0.0,2025-12-18T19:42:03.779384Z,spamhaus_drop
147.119.0.0,2025-12-18T19:42:03.779385Z,spamhaus_drop
147.16.0.0,2025-12-18T19:42:03.779387Z,spamhaus_drop
147.185.221.0,2025-12-18T19:42:03.779389Z,spamhaus_drop
147.45.124.0,2025-12-18T19:42:03.779391Z,spamhaus_drop
147.45.222.0,2025-12-18T19:42:03.779393Z,spamhaus_drop
147.45.47.0,2025-12-18T19:42:03.779395Z,spamhaus_drop
147.7.0.0,2025-12-18T19:42:03.779397Z,spamhaus_drop
147.78.20.0,2025-12-18T19:42:03.779399Z,spamhaus_drop
147.78.224.0,2025-12-18T19:42:03.779401Z,spamhaus_drop
148.148.0.0,2025-12-18T19:42:03.779403Z,spamhaus_drop
148.178.0.0,2025-12-18T19:42:03.779405Z,spamhaus_drop
148.178.22.0,2025-12-18T19:42:03.779407Z,spamhaus_drop
148.185.0.0,2025-12-18T19:42:03.779408Z,spamhaus_drop
148.248.0.0,2025-12-18T19:42:03.779410Z,spamhaus_drop
149.13.187.0,2025-12-18T19:42:03.779412Z,spamhaus_drop
149.57.11.0,2025-12-18T19:42:03.779414Z,spamhaus_drop
149.57.16.0,2025-12-18T19:42:03.779416Z,spamhaus_drop
149.6.125.0,2025-12-18T19:42:03.779418Z,spamhaus_drop
150.10.0.0,2025-12-18T19:42:03.779420Z,spamhaus_drop
150.129.212.0,2025-12-18T19:42:03.779421Z,spamhaus_drop
150.22.128.0,2025-12-18T19:42:03.779423Z,spamhaus_drop
150.242.120.0,2025-12-18T19:42:03.779425Z,spamhaus_drop
150.25.0.0,2025-12-18T19:42:03.779427Z,spamhaus_drop
150.40.96.0,2025-12-18T19:42:03.779429Z,spamhaus_drop
151.212.0.0,2025-12-18T19:42:03.779431Z,spamhaus_drop
152.109.0.0,2025-12-18T19:42:03.779432Z,spamhaus_drop
153.14.0.0,2025-12-18T19:42:03.779434Z,spamhaus_drop
153.93.0.0,2025-12-18T19:42:03.779436Z,spamhaus_drop
154.209.190.0,2025-12-18T19:42:03.779438Z,spamhaus_drop
154.211.12.0,2025-12-18T19:42:03.779440Z,spamhaus_drop
154.213.200.0,2025-12-18T19:42:03.779441Z,spamhaus_drop
154.213.201.0,2025-12-18T19:42:03.779443Z,spamhaus_drop
154.216.188.0,2025-12-18T19:42:03.779445Z,spamhaus_drop
154.43.61.0,2025-12-18T19:42:03.779447Z,spamhaus_drop
154.51.232.0,2025-12-18T19:42:03.779449Z,spamhaus_drop
154.51.236.0,2025-12-18T19:42:03.779451Z,spamhaus_drop
154.62.16.0,2025-12-18T19:42:03.779453Z,spamhaus_drop
154.62.20.0,2025-12-18T19:42:03.779455Z,spamhaus_drop
154.62.24.0,2025-12-18T19:42:03.779456Z,spamhaus_drop
154.62.28.0,2025-12-18T19:42:03.779458Z,spamhaus_drop
154.85.48.0,2025-12-18T19:42:03.779460Z,spamhaus_drop
155.108.0.0,2025-12-18T19:42:03.779462Z,spamhaus_drop
155.159.0.0,2025-12-18T19:42:03.779464Z,spamhaus_drop
155.212.156.0,2025-12-18T19:42:03.779466Z,spamhaus_drop
155.233.0.0,2025-12-18T19:42:03.779467Z,spamhaus_drop
155.249.0.0,2025-12-18T19:42:03.779469Z,spamhaus_drop
155.66.0.0,2025-12-18T19:42:03.779471Z,spamhaus_drop
155.71.0.0,2025-12-18T19:42:03.779473Z,spamhaus_drop
155.73.0.0,2025-12-18T19:42:03.779475Z,spamhaus_drop
155.94.129.0,2025-12-18T19:42:03.779477Z,spamhaus_drop
155.94.203.0,2025-12-18T19:42:03.779479Z,spamhaus_drop
156.253.231.0,2025-12-18T19:42:03.779480Z,spamhaus_drop
156.96.0.0,2025-12-18T19:42:03.779482Z,spamhaus_drop
157.115.0.0,2025-12-18T19:42:03.779489Z,spamhaus_drop
157.119.64.0,2025-12-18T19:42:03.779491Z,spamhaus_drop
157.148.116.0,2025-12-18T19:42:03.779493Z,spamhaus_drop
157.162.0.0,2025-12-18T19:42:03.779495Z,spamhaus_drop
157.186.0.0,2025-12-18T19:42:03.779496Z,spamhaus_drop
157.20.182.0,2025-12-18T19:42:03.779498Z,spamhaus_drop
158.249.0.0,2025-12-18T19:42:03.779500Z,spamhaus_drop
158.94.208.0,2025-12-18T19:42:03.779502Z,spamhaus_drop
159.219.0.0,2025-12-18T19:42:03.779504Z,spamhaus_drop
159.253.120.0,2025-12-18T19:42:03.779506Z,spamhaus_drop
159.34.0.0,2025-12-18T19:42:03.779508Z,spamhaus_drop
159.80.0.0,2025-12-18T19:42:03.779509Z,spamhaus_drop
160.104.0.0,2025-12-18T19:42:03.779511Z,spamhaus_drop
160.116.0.0,2025-12-18T19:42:03.779513Z,spamhaus_drop
160.117.0.0,2025-12-18T19:42:03.779515Z,spamhaus_drop
160.121.0.0,2025-12-18T19:42:03.779517Z,spamhaus_drop
160.122.0.0,2025-12-18T19:42:03.779519Z,spamhaus_drop
160.14.0.0,2025-12-18T19:42:03.779520Z,spamhaus_drop
160.180.0.0,2025-12-18T19:42:03.779522Z,spamhaus_drop
160.188.0.0,2025-12-18T19:42:03.779524Z,spamhaus_drop
160.21.0.0,2025-12-18T19:42:03.779526Z,spamhaus_drop
160.240.0.0,2025-12-18T19:42:03.779528Z,spamhaus_drop
161.0.0.0,2025-12-18T19:42:03.779530Z,spamhaus_drop
161.0.68.0,2025-12-18T19:42:03.779531Z,spamhaus_drop
161.1.0.0,2025-12-18T19:42:03.779533Z,spamhaus_drop
161.248.178.0,2025-12-18T19:42:03.779535Z,spamhaus_drop
161.60.0.0,2025-12-18T19:42:03.779537Z,spamhaus_drop
162.208.124.0,2025-12-18T19:42:03.779539Z,spamhaus_drop
162.249.20.0,2025-12-18T19:42:03.779541Z,spamhaus_drop
162.71.0.0,2025-12-18T19:42:03.779543Z,spamhaus_drop
163.123.191.0,2025-12-18T19:42:03.779544Z,spamhaus_drop
163.198.0.0,2025-12-18T19:42:03.779546Z,spamhaus_drop
163.250.0.0,2025-12-18T19:42:03.779548Z,spamhaus_drop
163.254.0.0,2025-12-18T19:42:03.779550Z,spamhaus_drop
163.47.19.0,2025-12-18T19:42:03.779552Z,spamhaus_drop
163.50.0.0,2025-12-18T19:42:03.779554Z,spamhaus_drop
164.155.0.0,2025-12-18T19:42:03.779555Z,spamhaus_drop
164.215.103.0,2025-12-18T19:42:03.779557Z,spamhaus_drop
164.6.0.0,2025-12-18T19:42:03.779559Z,spamhaus_drop
164.79.0.0,2025-12-18T19:42:03.779561Z,spamhaus_drop
164.88.0.0,2025-12-18T19:42:03.779563Z,spamhaus_drop
165.102.0.0,2025-12-18T19:42:03.779565Z,spamhaus_drop
165.154.192.0,2025-12-18T19:42:03.779566Z,spamhaus_drop
165.154.252.0,2025-12-18T19:42:03.779568Z,spamhaus_drop
165.3.0.0,2025-12-18T19:42:03.779570Z,spamhaus_drop
167.158.0.0,2025-12-18T19:42:03.779572Z,spamhaus_drop
167.224.48.0,2025-12-18T19:42:03.779574Z,spamhaus_drop
167.249.200.0,2025-12-18T19:42:03.779576Z,spamhaus_drop
167.74.0.0,2025-12-18T19:42:03.779577Z,spamhaus_drop
168.0.212.0,2025-12-18T19:42:03.779579Z,spamhaus_drop
168.151.128.0,2025-12-18T19:42:03.779581Z,spamhaus_drop
168.151.145.0,2025-12-18T19:42:03.779583Z,spamhaus_drop
168.151.146.0,2025-12-18T19:42:03.779585Z,spamhaus_drop
168.151.148.0,2025-12-18T19:42:03.779587Z,spamhaus_drop
168.151.152.0,2025-12-18T19:42:03.779588Z,spamhaus_drop
168.151.157.0,2025-12-18T19:42:03.779590Z,spamhaus_drop
168.151.158.0,2025-12-18T19:42:03.779592Z,spamhaus_drop
168.151.160.0,2025-12-18T19:42:03.779594Z,spamhaus_drop
168.151.176.0,2025-12-18T19:42:03.779596Z,spamhaus_drop
168.151.184.0,2025-12-18T19:42:03.779598Z,spamhaus_drop
168.151.192.0,2025-12-18T19:42:03.779599Z,spamhaus_drop
168.151.208.0,2025-12-18T19:42:03.779601Z,spamhaus_drop
168.151.21.0,2025-12-18T19:42:03.779603Z,spamhaus_drop
168.151.216.0,2025-12-18T19:42:03.779605Z,spamhaus_drop
168.151.220.0,2025-12-18T19:42:03.779607Z,spamhaus_drop
168.151.224.0,2025-12-18T19:42:03.779609Z,spamhaus_drop
168.151.228.0,2025-12-18T19:42:03.779611Z,spamhaus_drop
168.151.232.0,2025-12-18T19:42:03.779612Z,spamhaus_drop
168.151.240.0,2025-12-18T19:42:03.779614Z,spamhaus_drop
168.151.248.0,2025-12-18T19:42:03.779616Z,spamhaus_drop
168.151.252.0,2025-12-18T19:42:03.779618Z,spamhaus_drop
168.151.254.0,2025-12-18T19:42:03.779620Z,spamhaus_drop
168.151.32.0,2025-12-18T19:42:03.779622Z,spamhaus_drop
168.151.4.0,2025-12-18T19:42:03.779623Z,spamhaus_drop
168.151.44.0,2025-12-18T19:42:03.779625Z,spamhaus_drop
168.151.48.0,2025-12-18T19:42:03.779627Z,spamhaus_drop
168.151.52.0,2025-12-18T19:42:03.779629Z,spamhaus_drop
168.151.54.0,2025-12-18T19:42:03.779631Z,spamhaus_drop
168.151.56.0,2025-12-18T19:42:03.779633Z,spamhaus_drop
168.151.64.0,2025-12-18T19:42:03.779635Z,spamhaus_drop
168.151.68.0,2025-12-18T19:42:03.779637Z,spamhaus_drop
168.151.72.0,2025-12-18T19:42:03.779638Z,spamhaus_drop
168.151.80.0,2025-12-18T19:42:03.779640Z,spamhaus_drop
168.151.96.0,2025-12-18T19:42:03.779642Z,spamhaus_drop
168.181.52.0,2025-12-18T19:42:03.779644Z,spamhaus_drop
168.195.76.0,2025-12-18T19:42:03.779646Z,spamhaus_drop
168.196.236.0,2025-12-18T19:42:03.779648Z,spamhaus_drop
168.196.240.0,2025-12-18T19:42:03.779649Z,spamhaus_drop
168.198.0.0,2025-12-18T19:42:03.779651Z,spamhaus_drop
168.206.0.0,2025-12-18T19:42:03.779653Z,spamhaus_drop
168.227.140.0,2025-12-18T19:42:03.779655Z,spamhaus_drop
168.64.0.0,2025-12-18T19:42:03.779657Z,spamhaus_drop
168.76.0.0,2025-12-18T19:42:03.779659Z,spamhaus_drop
168.80.0.0,2025-12-18T19:42:03.779660Z,spamhaus_drop
169.129.0.0,2025-12-18T19:42:03.779662Z,spamhaus_drop
169.136.224.0,2025-12-18T19:42:03.779664Z,spamhaus_drop
169.239.152.0,2025-12-18T19:42:03.779666Z,spamhaus_drop
169.245.0.0,2025-12-18T19:42:03.779668Z,spamhaus_drop
169.246.0.0,2025-12-18T19:42:03.779670Z,spamhaus_drop
169.248.0.0,2025-12-18T19:42:03.779672Z,spamhaus_drop
170.113.0.0,2025-12-18T19:42:03.779673Z,spamhaus_drop
170.130.43.0,2025-12-18T19:42:03.779675Z,spamhaus_drop
170.179.0.0,2025-12-18T19:42:03.779677Z,spamhaus_drop
170.244.240.0,2025-12-18T19:42:03.779679Z,spamhaus_drop
170.247.220.0,2025-12-18T19:42:03.779681Z,spamhaus_drop
170.67.0.0,2025-12-18T19:42:03.779682Z,spamhaus_drop
170.83.232.0,2025-12-18T19:42:03.779684Z,spamhaus_drop
171.26.0.0,2025-12-18T19:42:03.779686Z,spamhaus_drop
172.111.128.0,2025-12-18T19:42:03.779688Z,spamhaus_drop
172.247.38.0,2025-12-18T19:42:03.779690Z,spamhaus_drop
172.94.96.0,2025-12-18T19:42:03.779692Z,spamhaus_drop
172.94.99.0,2025-12-18T19:42:03.779694Z,spamhaus_drop
173.44.0.0,2025-12-18T19:42:03.779696Z,spamhaus_drop
173.44.141.0,2025-12-18T19:42:03.779697Z,spamhaus_drop
175.103.64.0,2025-12-18T19:42:03.779699Z,spamhaus_drop
175.110.99.0,2025-12-18T19:42:03.779701Z,spamhaus_drop
176.114.71.0,2025-12-18T19:42:03.779703Z,spamhaus_drop
176.117.107.0,2025-12-18T19:42:03.779705Z,spamhaus_drop
176.126.192.0,2025-12-18T19:42:03.779707Z,spamhaus_drop
176.126.194.0,2025-12-18T19:42:03.779708Z,spamhaus_drop
176.223.116.0,2025-12-18T19:42:03.779710Z,spamhaus_drop
176.223.118.0,2025-12-18T19:42:03.779712Z,spamhaus_drop
176.46.138.0,2025-12-18T19:42:03.779714Z,spamhaus_drop
176.46.141.0,2025-12-18T19:42:03.779716Z,spamhaus_drop
176.46.152.0,2025-12-18T19:42:03.779717Z,spamhaus_drop
176.46.157.0,2025-12-18T19:42:03.779719Z,spamhaus_drop
176.65.132.0,2025-12-18T19:42:03.779721Z,spamhaus_drop
176.65.134.0,2025-12-18T19:42:03.779723Z,spamhaus_drop
176.65.138.0,2025-12-18T19:42:03.779725Z,spamhaus_drop
176.65.148.0,2025-12-18T19:42:03.779727Z,spamhaus_drop
176.65.149.0,2025-12-18T19:42:03.779729Z,spamhaus_drop
176.98.185.0,2025-12-18T19:42:03.779730Z,spamhaus_drop
176.98.186.0,2025-12-18T19:42:03.779732Z,spamhaus_drop
176.98.187.0,2025-12-18T19:42:03.779734Z,spamhaus_drop
177.234.136.0,2025-12-18T19:42:03.779736Z,spamhaus_drop
178.16.52.0,2025-12-18T19:42:03.779738Z,spamhaus_drop
178.22.24.0,2025-12-18T19:42:03.779739Z,spamhaus_drop
178.72.138.0,2025-12-18T19:42:03.779741Z,spamhaus_drop
179.43.175.0,2025-12-18T19:42:03.779743Z,spamhaus_drop
180.178.189.0,2025-12-18T19:42:03.779745Z,spamhaus_drop
180.178.192.0,2025-12-18T19:42:03.779747Z,spamhaus_drop
180.235.124.0,2025-12-18T19:42:03.779748Z,spamhaus_drop
181.177.64.0,2025-12-18T19:42:03.779750Z,spamhaus_drop
185.11.61.0,2025-12-18T19:42:03.779752Z,spamhaus_drop
185.110.0.0,2025-12-18T19:42:03.779754Z,spamhaus_drop
185.116.172.0,2025-12-18T19:42:03.779756Z,spamhaus_drop
185.116.175.0,2025-12-18T19:42:03.779758Z,spamhaus_drop
185.120.8.0,2025-12-18T19:42:03.779796Z,spamhaus_drop
185.122.128.0,2025-12-18T19:42:03.779798Z,spamhaus_drop
185.127.44.0,2025-12-18T19:42:03.779800Z,spamhaus_drop
185.127.56.0,2025-12-18T19:42:03.779802Z,spamhaus_drop
185.127.68.0,2025-12-18T19:42:03.779803Z,spamhaus_drop
185.127.76.0,2025-12-18T19:42:03.779805Z,spamhaus_drop
185.129.208.0,2025-12-18T19:42:03.779807Z,spamhaus_drop
185.129.8.0,2025-12-18T19:42:03.779809Z,spamhaus_drop
185.130.36.0,2025-12-18T19:42:03.779811Z,spamhaus_drop
185.132.8.0,2025-12-18T19:42:03.779813Z,spamhaus_drop
185.134.48.0,2025-12-18T19:42:03.779814Z,spamhaus_drop
185.137.98.0,2025-12-18T19:42:03.779816Z,spamhaus_drop
185.14.192.0,2025-12-18T19:42:03.779818Z,spamhaus_drop
185.144.180.0,2025-12-18T19:42:03.779820Z,spamhaus_drop
185.156.73.0,2025-12-18T19:42:03.779822Z,spamhaus_drop
185.161.148.0,2025-12-18T19:42:03.779823Z,spamhaus_drop
185.169.4.0,2025-12-18T19:42:03.779825Z,spamhaus_drop
185.189.73.0,2025-12-18T19:42:03.779827Z,spamhaus_drop
185.192.36.0,2025-12-18T19:42:03.779829Z,spamhaus_drop
185.196.10.0,2025-12-18T19:42:03.779831Z,spamhaus_drop
185.196.8.0,2025-12-18T19:42:03.779833Z,spamhaus_drop
185.208.156.0,2025-12-18T19:42:03.779834Z,spamhaus_drop
185.21.8.0,2025-12-18T19:42:03.779836Z,spamhaus_drop
185.212.240.0,2025-12-18T19:42:03.779838Z,spamhaus_drop
185.215.132.0,2025-12-18T19:42:03.779840Z,spamhaus_drop
185.215.247.0,2025-12-18T19:42:03.779842Z,spamhaus_drop
185.230.14.0,2025-12-18T19:42:03.779844Z,spamhaus_drop
185.231.225.0,2025-12-18T19:42:03.779845Z,spamhaus_drop
185.232.45.0,2025-12-18T19:42:03.779847Z,spamhaus_drop
185.237.104.0,2025-12-18T19:42:03.779849Z,spamhaus_drop
185.238.176.0,2025-12-18T19:42:03.779851Z,spamhaus_drop
185.239.44.0,2025-12-18T19:42:03.779853Z,spamhaus_drop
185.241.208.0,2025-12-18T19:42:03.779855Z,spamhaus_drop
185.242.246.0,2025-12-18T19:42:03.779857Z,spamhaus_drop
185.243.96.0,2025-12-18T19:42:03.779858Z,spamhaus_drop
185.244.249.0,2025-12-18T19:42:03.779860Z,spamhaus_drop
185.248.192.0,2025-12-18T19:42:03.779862Z,spamhaus_drop
185.255.192.0,2025-12-18T19:42:03.779864Z,spamhaus_drop
185.30.168.0,2025-12-18T19:42:03.779866Z,spamhaus_drop
185.36.80.0,2025-12-18T19:42:03.779867Z,spamhaus_drop
185.36.81.0,2025-12-18T19:42:03.779869Z,spamhaus_drop
185.36.82.0,2025-12-18T19:42:03.779871Z,spamhaus_drop
185.37.195.0,2025-12-18T19:42:03.779873Z,spamhaus_drop
185.39.19.0,2025-12-18T19:42:03.779875Z,spamhaus_drop
185.42.164.0,2025-12-18T19:42:03.779877Z,spamhaus_drop
185.42.165.0,2025-12-18T19:42:03.779879Z,spamhaus_drop
185.46.84.0,2025-12-18T19:42:03.779880Z,spamhaus_drop
185.51.120.0,2025-12-18T19:42:03.779882Z,spamhaus_drop
185.56.83.0,2025-12-18T19:42:03.779884Z,spamhaus_drop
185.64.23.0,2025-12-18T19:42:03.779886Z,spamhaus_drop
185.68.152.0,2025-12-18T19:42:03.779888Z,spamhaus_drop
185.68.185.0,2025-12-18T19:42:03.779889Z,spamhaus_drop
185.7.215.0,2025-12-18T19:42:03.779891Z,spamhaus_drop
185.77.221.0,2025-12-18T19:42:03.779893Z,spamhaus_drop
185.77.248.0,2025-12-18T19:42:03.779895Z,spamhaus_drop
185.81.68.0,2025-12-18T19:42:03.779897Z,spamhaus_drop
185.93.89.0,2025-12-18T19:42:03.779899Z,spamhaus_drop
186.179.0.0,2025-12-18T19:42:03.779900Z,spamhaus_drop
186.65.112.0,2025-12-18T19:42:03.779902Z,spamhaus_drop
187.19.64.0,2025-12-18T19:42:03.779904Z,spamhaus_drop
187.60.0.0,2025-12-18T19:42:03.779906Z,spamhaus_drop
188.172.160.0,2025-12-18T19:42:03.779908Z,spamhaus_drop
188.190.10.0,2025-12-18T19:42:03.779910Z,spamhaus_drop
188.208.109.0,2025-12-18T19:42:03.779912Z,spamhaus_drop
188.208.48.0,2025-12-18T19:42:03.779913Z,spamhaus_drop
188.208.52.0,2025-12-18T19:42:03.779915Z,spamhaus_drop
188.213.206.0,2025-12-18T19:42:03.779917Z,spamhaus_drop
188.213.214.0,2025-12-18T19:42:03.779919Z,spamhaus_drop
188.213.23.0,2025-12-18T19:42:03.779921Z,spamhaus_drop
188.213.248.0,2025-12-18T19:42:03.779923Z,spamhaus_drop
188.213.252.0,2025-12-18T19:42:03.779925Z,spamhaus_drop
188.214.140.0,2025-12-18T19:42:03.779926Z,spamhaus_drop
188.214.155.0,2025-12-18T19:42:03.779928Z,spamhaus_drop
188.214.193.0,2025-12-18T19:42:03.779930Z,spamhaus_drop
188.214.94.0,2025-12-18T19:42:03.779932Z,spamhaus_drop
188.215.95.0,2025-12-18T19:42:03.779934Z,spamhaus_drop
188.240.14.0,2025-12-18T19:42:03.779936Z,spamhaus_drop
188.241.177.0,2025-12-18T19:42:03.779938Z,spamhaus_drop
188.241.214.0,2025-12-18T19:42:03.779939Z,spamhaus_drop
188.247.230.0,2025-12-18T19:42:03.779941Z,spamhaus_drop
190.168.128.0,2025-12-18T19:42:03.779943Z,spamhaus_drop
190.168.192.0,2025-12-18T19:42:03.779945Z,spamhaus_drop
190.185.108.0,2025-12-18T19:42:03.779947Z,spamhaus_drop
192.100.88.0,2025-12-18T19:42:03.779949Z,spamhaus_drop
192.101.181.0,2025-12-18T19:42:03.779950Z,spamhaus_drop
192.101.187.0,2025-12-18T19:42:03.779952Z,spamhaus_drop
192.101.200.0,2025-12-18T19:42:03.779954Z,spamhaus_drop
192.101.208.0,2025-12-18T19:42:03.779956Z,spamhaus_drop
192.101.224.0,2025-12-18T19:42:03.779958Z,spamhaus_drop
192.101.240.0,2025-12-18T19:42:03.779959Z,spamhaus_drop
192.101.248.0,2025-12-18T19:42:03.779961Z,spamhaus_drop
192.101.44.0,2025-12-18T19:42:03.779963Z,spamhaus_drop
192.109.138.0,2025-12-18T19:42:03.779965Z,spamhaus_drop
192.111.228.0,2025-12-18T19:42:03.779967Z,spamhaus_drop
192.119.167.0,2025-12-18T19:42:03.779969Z,spamhaus_drop
192.119.173.0,2025-12-18T19:42:03.779971Z,spamhaus_drop
192.132.100.0,2025-12-18T19:42:03.779972Z,spamhaus_drop
192.133.3.0,2025-12-18T19:42:03.779974Z,spamhaus_drop
192.139.74.0,2025-12-18T19:42:03.779976Z,spamhaus_drop
192.147.254.0,2025-12-18T19:42:03.779978Z,spamhaus_drop
192.150.239.0,2025-12-18T19:42:03.779980Z,spamhaus_drop
192.152.194.0,2025-12-18T19:42:03.779982Z,spamhaus_drop
192.153.55.0,2025-12-18T19:42:03.779983Z,spamhaus_drop
192.154.11.0,2025-12-18T19:42:03.779985Z,spamhaus_drop
192.159.99.0,2025-12-18T19:42:03.779987Z,spamhaus_drop
192.160.44.0,2025-12-18T19:42:03.779989Z,spamhaus_drop
192.189.16.0,2025-12-18T19:42:03.779991Z,spamhaus_drop
192.190.97.0,2025-12-18T19:42:03.779993Z,spamhaus_drop
192.195.150.0,2025-12-18T19:42:03.779994Z,spamhaus_drop
192.195.187.0,2025-12-18T19:42:03.779997Z,spamhaus_drop
192.203.188.0,2025-12-18T19:42:03.779998Z,spamhaus_drop
192.203.252.0,2025-12-18T19:42:03.780000Z,spamhaus_drop
192.206.114.0,2025-12-18T19:42:03.780002Z,spamhaus_drop
192.226.16.0,2025-12-18T19:42:03.780004Z,spamhaus_drop
192.229.32.0,2025-12-18T19:42:03.780006Z,spamhaus_drop
192.231.100.0,2025-12-18T19:42:03.780007Z,spamhaus_drop
192.231.66.0,2025-12-18T19:42:03.780009Z,spamhaus_drop
192.234.156.0,2025-12-18T19:42:03.780011Z,spamhaus_drop
192.234.189.0,2025-12-18T19:42:03.780013Z,spamhaus_drop
192.245.101.0,2025-12-18T19:42:03.780015Z,spamhaus_drop
192.245.188.0,2025-12-18T19:42:03.780017Z,spamhaus_drop
192.245.248.0,2025-12-18T19:42:03.780018Z,spamhaus_drop
192.251.231.0,2025-12-18T19:42:03.780020Z,spamhaus_drop
192.252.16.0,2025-12-18T19:42:03.780022Z,spamhaus_drop
192.252.176.0,2025-12-18T19:42:03.780024Z,spamhaus_drop
192.253.224.0,2025-12-18T19:42:03.780026Z,spamhaus_drop
192.35.52.0,2025-12-18T19:42:03.780027Z,spamhaus_drop
192.35.54.0,2025-12-18T19:42:03.780029Z,spamhaus_drop
192.40.29.0,2025-12-18T19:42:03.780031Z,spamhaus_drop
192.5.103.0,2025-12-18T19:42:03.780033Z,spamhaus_drop
192.54.110.0,2025-12-18T19:42:03.780035Z,spamhaus_drop
192.80.44.0,2025-12-18T19:42:03.780037Z,spamhaus_drop
192.88.104.0,2025-12-18T19:42:03.780039Z,spamhaus_drop
192.88.117.0,2025-12-18T19:42:03.780040Z,spamhaus_drop
192.88.118.0,2025-12-18T19:42:03.780042Z,spamhaus_drop
192.88.120.0,2025-12-18T19:42:03.780044Z,spamhaus_drop
192.88.122.0,2025-12-18T19:42:03.780046Z,spamhaus_drop
192.88.128.0,2025-12-18T19:42:03.780049Z,spamhaus_drop
192.88.129.0,2025-12-18T19:42:03.780051Z,spamhaus_drop
192.88.130.0,2025-12-18T19:42:03.780052Z,spamhaus_drop
192.88.131.0,2025-12-18T19:42:03.780071Z,spamhaus_drop
192.88.133.0,2025-12-18T19:42:03.780078Z,spamhaus_drop
192.94.211.0,2025-12-18T19:42:03.780081Z,spamhaus_drop
192.94.240.0,2025-12-18T19:42:03.780082Z,spamhaus_drop
192.96.146.0,2025-12-18T19:42:03.780084Z,spamhaus_drop
192.96.87.0,2025-12-18T19:42:03.780085Z,spamhaus_drop
193.139.0.0,2025-12-18T19:42:03.780095Z,spamhaus_drop
193.142.146.0,2025-12-18T19:42:03.780097Z,spamhaus_drop
193.143.1.0,2025-12-18T19:42:03.780099Z,spamhaus_drop
193.151.160.0,2025-12-18T19:42:03.780100Z,spamhaus_drop
193.163.101.0,2025-12-18T19:42:03.780102Z,spamhaus_drop
193.203.10.0,2025-12-18T19:42:03.780103Z,spamhaus_drop
193.233.200.0,2025-12-18T19:42:03.780105Z,spamhaus_drop
193.233.208.0,2025-12-18T19:42:03.780106Z,spamhaus_drop
193.233.255.0,2025-12-18T19:42:03.780108Z,spamhaus_drop
193.239.154.0,2025-12-18T19:42:03.780109Z,spamhaus_drop
193.24.123.0,2025-12-18T19:42:03.780111Z,spamhaus_drop
193.242.153.0,2025-12-18T19:42:03.780112Z,spamhaus_drop
193.243.0.0,2025-12-18T19:42:03.780114Z,spamhaus_drop
193.254.48.0,2025-12-18T19:42:03.780115Z,spamhaus_drop
193.26.115.0,2025-12-18T19:42:03.780117Z,spamhaus_drop
193.3.164.0,2025-12-18T19:42:03.780118Z,spamhaus_drop
193.30.144.0,2025-12-18T19:42:03.780119Z,spamhaus_drop
193.32.162.0,2025-12-18T19:42:03.780121Z,spamhaus_drop
193.32.66.0,2025-12-18T19:42:03.780123Z,spamhaus_drop
193.46.255.0,2025-12-18T19:42:03.780124Z,spamhaus_drop
194.0.234.0,2025-12-18T19:42:03.780125Z,spamhaus_drop
194.113.235.0,2025-12-18T19:42:03.780127Z,spamhaus_drop
194.145.227.0,2025-12-18T19:42:03.780128Z,spamhaus_drop
194.180.64.0,2025-12-18T19:42:03.780130Z,spamhaus_drop
194.26.18.0,2025-12-18T19:42:03.780131Z,spamhaus_drop
194.26.192.0,2025-12-18T19:42:03.780133Z,spamhaus_drop
194.26.29.0,2025-12-18T19:42:03.780134Z,spamhaus_drop
194.26.69.0,2025-12-18T19:42:03.780136Z,spamhaus_drop
194.41.60.0,2025-12-18T19:42:03.780137Z,spamhaus_drop
194.62.244.0,2025-12-18T19:42:03.780139Z,spamhaus_drop
194.79.8.0,2025-12-18T19:42:03.780140Z,spamhaus_drop
194.85.250.0,2025-12-18T19:42:03.780142Z,spamhaus_drop
195.133.16.0,2025-12-18T19:42:03.780143Z,spamhaus_drop
195.14.98.0,2025-12-18T19:42:03.780145Z,spamhaus_drop
195.177.92.0,2025-12-18T19:42:03.780146Z,spamhaus_drop
195.178.110.0,2025-12-18T19:42:03.780148Z,spamhaus_drop
195.178.136.0,2025-12-18T19:42:03.780149Z,spamhaus_drop
195.181.224.0,2025-12-18T19:42:03.780151Z,spamhaus_drop
195.216.248.0,2025-12-18T19:42:03.780152Z,spamhaus_drop
195.22.149.0,2025-12-18T19:42:03.780153Z,spamhaus_drop
195.225.108.0,2025-12-18T19:42:03.780155Z,spamhaus_drop
195.225.110.0,2025-12-18T19:42:03.780156Z,spamhaus_drop
195.66.27.0,2025-12-18T19:42:03.780158Z,spamhaus_drop
195.88.146.0,2025-12-18T19:42:03.780159Z,spamhaus_drop
195.96.32.0,2025-12-18T19:42:03.780161Z,spamhaus_drop
196.10.61.0,2025-12-18T19:42:03.780162Z,spamhaus_drop
196.10.62.0,2025-12-18T19:42:03.780164Z,spamhaus_drop
196.10.64.0,2025-12-18T19:42:03.780165Z,spamhaus_drop
196.15.64.0,2025-12-18T19:42:03.780167Z,spamhaus_drop
196.16.0.0,2025-12-18T19:42:03.780168Z,spamhaus_drop
196.251.100.0,2025-12-18T19:42:03.780170Z,spamhaus_drop
196.251.102.0,2025-12-18T19:42:03.780171Z,spamhaus_drop
196.251.107.0,2025-12-18T19:42:03.780173Z,spamhaus_drop
196.251.112.0,2025-12-18T19:42:03.780174Z,spamhaus_drop
196.251.116.0,2025-12-18T19:42:03.780176Z,spamhaus_drop
196.251.118.0,2025-12-18T19:42:03.780177Z,spamhaus_drop
196.251.66.0,2025-12-18T19:42:03.780179Z,spamhaus_drop
196.251.69.0,2025-12-18T19:42:03.780180Z,spamhaus_drop
196.251.70.0,2025-12-18T19:42:03.780182Z,spamhaus_drop
196.251.72.0,2025-12-18T19:42:03.780183Z,spamhaus_drop
196.251.80.0,2025-12-18T19:42:03.780185Z,spamhaus_drop
196.251.83.0,2025-12-18T19:42:03.780186Z,spamhaus_drop
196.251.84.0,2025-12-18T19:42:03.780188Z,spamhaus_drop
196.251.85.0,2025-12-18T19:42:03.780189Z,spamhaus_drop
196.251.86.0,2025-12-18T19:42:03.780191Z,spamhaus_drop
196.251.88.0,2025-12-18T19:42:03.780192Z,spamhaus_drop
196.251.92.0,2025-12-18T19:42:03.780194Z,spamhaus_drop
196.251.96.0,2025-12-18T19:42:03.780195Z,spamhaus_drop
196.251.98.0,2025-12-18T19:42:03.780197Z,spamhaus_drop
198.102.222.0,2025-12-18T19:42:03.780198Z,spamhaus_drop
198.13.64.0,2025-12-18T19:42:03.780200Z,spamhaus_drop
198.13.72.0,2025-12-18T19:42:03.780201Z,spamhaus_drop
198.133.120.0,2025-12-18T19:42:03.780203Z,spamhaus_drop
198.140.157.0,2025-12-18T19:42:03.780204Z,spamhaus_drop
198.148.212.0,2025-12-18T19:42:03.780206Z,spamhaus_drop
198.151.138.0,2025-12-18T19:42:03.780207Z,spamhaus_drop
198.151.152.0,2025-12-18T19:42:03.780209Z,spamhaus_drop
198.151.16.0,2025-12-18T19:42:03.780211Z,spamhaus_drop
198.160.205.0,2025-12-18T19:42:03.780212Z,spamhaus_drop
198.169.201.0,2025-12-18T19:42:03.780214Z,spamhaus_drop
198.17.197.0,2025-12-18T19:42:03.780215Z,spamhaus_drop
198.177.175.0,2025-12-18T19:42:03.780217Z,spamhaus_drop
198.177.176.0,2025-12-18T19:42:03.780218Z,spamhaus_drop
198.177.180.0,2025-12-18T19:42:03.780220Z,spamhaus_drop
198.177.214.0,2025-12-18T19:42:03.780221Z,spamhaus_drop
198.177.216.0,2025-12-18T19:42:03.780223Z,spamhaus_drop
198.179.22.0,2025-12-18T19:42:03.780224Z,spamhaus_drop
198.180.189.0,2025-12-18T19:42:03.780226Z,spamhaus_drop
198.181.96.0,2025-12-18T19:42:03.780227Z,spamhaus_drop
198.183.238.0,2025-12-18T19:42:03.780229Z,spamhaus_drop
198.183.32.0,2025-12-18T19:42:03.780230Z,spamhaus_drop
198.184.193.0,2025-12-18T19:42:03.780232Z,spamhaus_drop
198.186.25.0,2025-12-18T19:42:03.780233Z,spamhaus_drop
198.187.16.0,2025-12-18T19:42:03.780235Z,spamhaus_drop
198.187.192.0,2025-12-18T19:42:03.780236Z,spamhaus_drop
198.187.207.0,2025-12-18T19:42:03.780238Z,spamhaus_drop
198.187.208.0,2025-12-18T19:42:03.780239Z,spamhaus_drop
198.187.210.0,2025-12-18T19:42:03.780240Z,spamhaus_drop
198.187.24.0,2025-12-18T19:42:03.780242Z,spamhaus_drop
198.190.173.0,2025-12-18T19:42:03.780243Z,spamhaus_drop
198.198.0.0,2025-12-18T19:42:03.780245Z,spamhaus_drop
198.199.212.0,2025-12-18T19:42:03.780246Z,spamhaus_drop
198.20.16.0,2025-12-18T19:42:03.780248Z,spamhaus_drop
198.200.0.0,2025-12-18T19:42:03.780249Z,spamhaus_drop
198.200.8.0,2025-12-18T19:42:03.780251Z,spamhaus_drop
198.202.223.0,2025-12-18T19:42:03.780252Z,spamhaus_drop
198.202.237.0,2025-12-18T19:42:03.780254Z,spamhaus_drop
198.204.0.0,2025-12-18T19:42:03.780255Z,spamhaus_drop
198.206.140.0,2025-12-18T19:42:03.780256Z,spamhaus_drop
198.212.132.0,2025-12-18T19:42:03.780258Z,spamhaus_drop
198.235.160.0,2025-12-18T19:42:03.780260Z,spamhaus_drop
198.241.64.0,2025-12-18T19:42:03.780261Z,spamhaus_drop
198.244.32.0,2025-12-18T19:42:03.780263Z,spamhaus_drop
198.244.40.0,2025-12-18T19:42:03.780264Z,spamhaus_drop
198.244.44.0,2025-12-18T19:42:03.780266Z,spamhaus_drop
198.244.46.0,2025-12-18T19:42:03.780267Z,spamhaus_drop
198.252.174.0,2025-12-18T19:42:03.780269Z,spamhaus_drop
198.252.32.0,2025-12-18T19:42:03.780270Z,spamhaus_drop
198.37.0.0,2025-12-18T19:42:03.780272Z,spamhaus_drop
198.45.32.0,2025-12-18T19:42:03.780273Z,spamhaus_drop
198.45.64.0,2025-12-18T19:42:03.780275Z,spamhaus_drop
198.51.161.0,2025-12-18T19:42:03.780276Z,spamhaus_drop
198.51.77.0,2025-12-18T19:42:03.780277Z,spamhaus_drop
198.51.78.0,2025-12-18T19:42:03.780279Z,spamhaus_drop
198.51.80.0,2025-12-18T19:42:03.780280Z,spamhaus_drop
198.54.232.0,2025-12-18T19:42:03.780282Z,spamhaus_drop
198.56.64.0,2025-12-18T19:42:03.780283Z,spamhaus_drop
198.57.64.0,2025-12-18T19:42:03.780285Z,spamhaus_drop
198.62.16.0,2025-12-18T19:42:03.780286Z,spamhaus_drop
198.62.70.0,2025-12-18T19:42:03.780288Z,spamhaus_drop
198.62.76.0,2025-12-18T19:42:03.780289Z,spamhaus_drop
198.96.224.0,2025-12-18T19:42:03.780291Z,spamhaus_drop
198.99.245.0,2025-12-18T19:42:03.780292Z,spamhaus_drop
199.1.24.0,2025-12-18T19:42:03.780294Z,spamhaus_drop
199.1.254.0,2025-12-18T19:42:03.780295Z,spamhaus_drop
199.103.64.0,2025-12-18T19:42:03.780297Z,spamhaus_drop
199.106.8.0,2025-12-18T19:42:03.780298Z,spamhaus_drop
199.107.152.0,2025-12-18T19:42:03.780299Z,spamhaus_drop
199.107.96.0,2025-12-18T19:42:03.780301Z,spamhaus_drop
199.108.212.0,2025-12-18T19:42:03.780302Z,spamhaus_drop
199.108.236.0,2025-12-18T19:42:03.780304Z,spamhaus_drop
199.120.160.0,2025-12-18T19:42:03.780305Z,spamhaus_drop
199.120.163.0,2025-12-18T19:42:03.780307Z,spamhaus_drop
199.164.242.0,2025-12-18T19:42:03.780308Z,spamhaus_drop
199.165.237.0,2025-12-18T19:42:03.780310Z,spamhaus_drop
199.165.238.0,2025-12-18T19:42:03.780311Z,spamhaus_drop
199.165.32.0,2025-12-18T19:42:03.780313Z,spamhaus_drop
199.166.200.0,2025-12-18T19:42:03.780318Z,spamhaus_drop
199.166.214.0,2025-12-18T19:42:03.780320Z,spamhaus_drop
199.170.128.0,2025-12-18T19:42:03.780321Z,spamhaus_drop
199.178.144.0,2025-12-18T19:42:03.780323Z,spamhaus_drop
199.178.160.0,2025-12-18T19:42:03.780324Z,spamhaus_drop
199.178.168.0,2025-12-18T19:42:03.780326Z,spamhaus_drop
199.178.170.0,2025-12-18T19:42:03.780327Z,spamhaus_drop
199.178.64.0,2025-12-18T19:42:03.780329Z,spamhaus_drop
199.184.0.0,2025-12-18T19:42:03.780330Z,spamhaus_drop
199.184.12.0,2025-12-18T19:42:03.780332Z,spamhaus_drop
199.184.223.0,2025-12-18T19:42:03.780333Z,spamhaus_drop
199.184.8.0,2025-12-18T19:42:03.780335Z,spamhaus_drop
199.184.82.0,2025-12-18T19:42:03.780336Z,spamhaus_drop
199.185.144.0,2025-12-18T19:42:03.780338Z,spamhaus_drop
199.186.26.0,2025-12-18T19:42:03.780339Z,spamhaus_drop
199.187.16.0,2025-12-18T19:42:03.780341Z,spamhaus_drop
199.187.24.0,2025-12-18T19:42:03.780342Z,spamhaus_drop
199.187.32.0,2025-12-18T19:42:03.780343Z,spamhaus_drop
199.187.48.0,2025-12-18T19:42:03.780345Z,spamhaus_drop
199.196.192.0,2025-12-18T19:42:03.780346Z,spamhaus_drop
199.198.160.0,2025-12-18T19:42:03.780348Z,spamhaus_drop
199.198.176.0,2025-12-18T19:42:03.780349Z,spamhaus_drop
199.198.184.0,2025-12-18T19:42:03.780351Z,spamhaus_drop
199.198.188.0,2025-12-18T19:42:03.780352Z,spamhaus_drop
199.201.238.0,2025-12-18T19:42:03.780354Z,spamhaus_drop
199.201.239.0,2025-12-18T19:42:03.780355Z,spamhaus_drop
199.223.0.0,2025-12-18T19:42:03.780357Z,spamhaus_drop
199.230.64.0,2025-12-18T19:42:03.780358Z,spamhaus_drop
199.231.8.0,2025-12-18T19:42:03.780360Z,spamhaus_drop
199.233.85.0,2025-12-18T19:42:03.780361Z,spamhaus_drop
199.233.96.0,2025-12-18T19:42:03.780362Z,spamhaus_drop
199.241.0.0,2025-12-18T19:42:03.780364Z,spamhaus_drop
199.245.138.0,2025-12-18T19:42:03.780365Z,spamhaus_drop
199.246.213.0,2025-12-18T19:42:03.780367Z,spamhaus_drop
199.246.215.0,2025-12-18T19:42:03.780368Z,spamhaus_drop
199.249.64.0,2025-12-18T19:42:03.780370Z,spamhaus_drop
199.253.224.0,2025-12-18T19:42:03.780371Z,spamhaus_drop
199.253.32.0,2025-12-18T19:42:03.780373Z,spamhaus_drop
199.253.48.0,2025-12-18T19:42:03.780374Z,spamhaus_drop
199.254.190.0,2025-12-18T19:42:03.780376Z,spamhaus_drop
199.254.32.0,2025-12-18T19:42:03.780377Z,spamhaus_drop
199.26.137.0,2025-12-18T19:42:03.780378Z,spamhaus_drop
199.26.207.0,2025-12-18T19:42:03.780380Z,spamhaus_drop
199.26.251.0,2025-12-18T19:42:03.780381Z,spamhaus_drop
199.33.222.0,2025-12-18T19:42:03.780383Z,spamhaus_drop
199.34.128.0,2025-12-18T19:42:03.780384Z,spamhaus_drop
199.38.0.0,2025-12-18T19:42:03.780386Z,spamhaus_drop
199.5.152.0,2025-12-18T19:42:03.780387Z,spamhaus_drop
199.5.194.0,2025-12-18T19:42:03.780389Z,spamhaus_drop
199.5.229.0,2025-12-18T19:42:03.780390Z,spamhaus_drop
199.59.8.0,2025-12-18T19:42:03.780391Z,spamhaus_drop
199.71.192.0,2025-12-18T19:42:03.780393Z,spamhaus_drop
199.73.64.0,2025-12-18T19:42:03.780394Z,spamhaus_drop
199.84.16.0,2025-12-18T19:42:03.780396Z,spamhaus_drop
199.84.55.0,2025-12-18T19:42:03.780397Z,spamhaus_drop
199.84.56.0,2025-12-18T19:42:03.780399Z,spamhaus_drop
199.84.60.0,2025-12-18T19:42:03.780400Z,spamhaus_drop
199.84.64.0,2025-12-18T19:42:03.780402Z,spamhaus_drop
199.89.16.0,2025-12-18T19:42:03.780403Z,spamhaus_drop
199.89.198.0,2025-12-18T19:42:03.780405Z,spamhaus_drop
2.56.192.0,2025-12-18T19:42:03.780406Z,spamhaus_drop
2.57.122.0,2025-12-18T19:42:03.780408Z,spamhaus_drop
2.57.232.0,2025-12-18T19:42:03.780409Z,spamhaus_drop
2.57.234.0,2025-12-18T19:42:03.780411Z,spamhaus_drop
2.58.56.0,2025-12-18T19:42:03.780412Z,spamhaus_drop
2.59.152.0,2025-12-18T19:42:03.780414Z,spamhaus_drop
200.0.60.0,2025-12-18T19:42:03.780415Z,spamhaus_drop
200.1.0.0,2025-12-18T19:42:03.780417Z,spamhaus_drop
200.1.4.0,2025-12-18T19:42:03.780418Z,spamhaus_drop
200.10.32.0,2025-12-18T19:42:03.780420Z,spamhaus_drop
200.13.64.0,2025-12-18T19:42:03.780421Z,spamhaus_drop
200.189.44.0,2025-12-18T19:42:03.780423Z,spamhaus_drop
200.22.0.0,2025-12-18T19:42:03.780424Z,spamhaus_drop
200.71.124.0,2025-12-18T19:42:03.780425Z,spamhaus_drop
201.148.168.0,2025-12-18T19:42:03.780427Z,spamhaus_drop
201.150.28.0,2025-12-18T19:42:03.780428Z,spamhaus_drop
202.12.101.0,2025-12-18T19:42:03.780430Z,spamhaus_drop
202.122.64.0,2025-12-18T19:42:03.780432Z,spamhaus_drop
202.131.208.0,2025-12-18T19:42:03.780433Z,spamhaus_drop
202.148.32.0,2025-12-18T19:42:03.780435Z,spamhaus_drop
202.152.192.0,2025-12-18T19:42:03.780436Z,spamhaus_drop
202.159.80.0,2025-12-18T19:42:03.780438Z,spamhaus_drop
202.168.80.0,2025-12-18T19:42:03.780439Z,spamhaus_drop
202.183.0.0,2025-12-18T19:42:03.780441Z,spamhaus_drop
202.189.80.0,2025-12-18T19:42:03.780442Z,spamhaus_drop
202.27.100.0,2025-12-18T19:42:03.780443Z,spamhaus_drop
202.40.32.0,2025-12-18T19:42:03.780445Z,spamhaus_drop
202.40.64.0,2025-12-18T19:42:03.780446Z,spamhaus_drop
202.46.96.0,2025-12-18T19:42:03.780448Z,spamhaus_drop
202.52.38.0,2025-12-18T19:42:03.780449Z,spamhaus_drop
202.61.141.0,2025-12-18T19:42:03.780451Z,spamhaus_drop
202.61.144.0,2025-12-18T19:42:03.780452Z,spamhaus_drop
202.79.173.0,2025-12-18T19:42:03.780454Z,spamhaus_drop
202.95.7.0,2025-12-18T19:42:03.780455Z,spamhaus_drop
202.95.8.0,2025-12-18T19:42:03.780457Z,spamhaus_drop
203.132.96.0,2025-12-18T19:42:03.780458Z,spamhaus_drop
203.159.90.0,2025-12-18T19:42:03.780460Z,spamhaus_drop
203.171.224.0,2025-12-18T19:42:03.780461Z,spamhaus_drop
203.191.64.0,2025-12-18T19:42:03.780462Z,spamhaus_drop
203.195.0.0,2025-12-18T19:42:03.780464Z,spamhaus_drop
203.202.232.0,2025-12-18T19:42:03.780465Z,spamhaus_drop
203.31.217.0,2025-12-18T19:42:03.780467Z,spamhaus_drop
203.9.0.0,2025-12-18T19:42:03.780468Z,spamhaus_drop
203.91.73.0,2025-12-18T19:42:03.780470Z,spamhaus_drop
204.106.128.0,2025-12-18T19:42:03.780471Z,spamhaus_drop
204.106.192.0,2025-12-18T19:42:03.780473Z,spamhaus_drop
204.107.132.0,2025-12-18T19:42:03.780474Z,spamhaus_drop
204.107.208.0,2025-12-18T19:42:03.780475Z,spamhaus_drop
204.110.144.0,2025-12-18T19:42:03.780477Z,spamhaus_drop
204.110.8.0,2025-12-18T19:42:03.780479Z,spamhaus_drop
204.115.128.0,2025-12-18T19:42:03.780480Z,spamhaus_drop
204.117.88.0,2025-12-18T19:42:03.780482Z,spamhaus_drop
204.126.244.0,2025-12-18T19:42:03.780483Z,spamhaus_drop
204.126.32.0,2025-12-18T19:42:03.780485Z,spamhaus_drop
204.126.48.0,2025-12-18T19:42:03.780486Z,spamhaus_drop
204.126.56.0,2025-12-18T19:42:03.780487Z,spamhaus_drop
204.126.60.0,2025-12-18T19:42:03.780489Z,spamhaus_drop
204.128.151.0,2025-12-18T19:42:03.780490Z,spamhaus_drop
204.128.180.0,2025-12-18T19:42:03.780492Z,spamhaus_drop
204.128.32.0,2025-12-18T19:42:03.780493Z,spamhaus_drop
204.130.16.0,2025-12-18T19:42:03.780495Z,spamhaus_drop
204.130.195.0,2025-12-18T19:42:03.780496Z,spamhaus_drop
204.14.80.0,2025-12-18T19:42:03.780497Z,spamhaus_drop
204.140.104.0,2025-12-18T19:42:03.780499Z,spamhaus_drop
204.140.112.0,2025-12-18T19:42:03.780500Z,spamhaus_drop
204.140.120.0,2025-12-18T19:42:03.780502Z,spamhaus_drop
204.146.240.0,2025-12-18T19:42:03.780503Z,spamhaus_drop
204.147.240.0,2025-12-18T19:42:03.780505Z,spamhaus_drop
204.147.64.0,2025-12-18T19:42:03.780506Z,spamhaus_drop
204.147.96.0,2025-12-18T19:42:03.780508Z,spamhaus_drop
204.155.80.0,2025-12-18T19:42:03.780509Z,spamhaus_drop
204.155.88.0,2025-12-18T19:42:03.780511Z,spamhaus_drop
204.155.92.0,2025-12-18T19:42:03.780512Z,spamhaus_drop
204.155.94.0,2025-12-18T19:42:03.780514Z,spamhaus_drop
204.178.16.0,2025-12-18T19:42:03.780515Z,spamhaus_drop
204.179.232.0,2025-12-18T19:42:03.780516Z,spamhaus_drop
204.179.64.0,2025-12-18T19:42:03.780518Z,spamhaus_drop
204.187.192.0,2025-12-18T19:42:03.780519Z,spamhaus_drop
204.187.224.0,2025-12-18T19:42:03.780521Z,spamhaus_drop
204.187.240.0,2025-12-18T19:42:03.780522Z,spamhaus_drop
204.19.38.0,2025-12-18T19:42:03.780524Z,spamhaus_drop
204.194.16.0,2025-12-18T19:42:03.780525Z,spamhaus_drop
204.194.40.0,2025-12-18T19:42:03.780527Z,spamhaus_drop
204.194.64.0,2025-12-18T19:42:03.780528Z,spamhaus_drop
204.225.153.0,2025-12-18T19:42:03.780530Z,spamhaus_drop
204.225.210.0,2025-12-18T19:42:03.780531Z,spamhaus_drop
204.225.226.0,2025-12-18T19:42:03.780532Z,spamhaus_drop
204.227.32.0,2025-12-18T19:42:03.780538Z,spamhaus_drop
204.232.0.0,2025-12-18T19:42:03.780539Z,spamhaus_drop
204.235.16.0,2025-12-18T19:42:03.780541Z,spamhaus_drop
204.235.240.0,2025-12-18T19:42:03.780542Z,spamhaus_drop
204.235.242.0,2025-12-18T19:42:03.780544Z,spamhaus_drop
204.235.252.0,2025-12-18T19:42:03.780545Z,spamhaus_drop
204.236.0.0,2025-12-18T19:42:03.780547Z,spamhaus_drop
204.238.137.0,2025-12-18T19:42:03.780548Z,spamhaus_drop
204.238.170.0,2025-12-18T19:42:03.780550Z,spamhaus_drop
204.238.183.0,2025-12-18T19:42:03.780551Z,spamhaus_drop
204.238.40.0,2025-12-18T19:42:03.780553Z,spamhaus_drop
204.239.132.0,2025-12-18T19:42:03.780554Z,spamhaus_drop
204.239.134.0,2025-12-18T19:42:03.780556Z,spamhaus_drop
204.239.200.0,2025-12-18T19:42:03.780557Z,spamhaus_drop
204.255.32.0,2025-12-18T19:42:03.780558Z,spamhaus_drop
204.27.155.0,2025-12-18T19:42:03.780560Z,spamhaus_drop
204.29.212.0,2025-12-18T19:42:03.780561Z,spamhaus_drop
204.44.208.0,2025-12-18T19:42:03.780563Z,spamhaus_drop
204.44.224.0,2025-12-18T19:42:03.780564Z,spamhaus_drop
204.44.32.0,2025-12-18T19:42:03.780566Z,spamhaus_drop
204.52.184.0,2025-12-18T19:42:03.780567Z,spamhaus_drop
204.52.255.0,2025-12-18T19:42:03.780569Z,spamhaus_drop
204.58.188.0,2025-12-18T19:42:03.780570Z,spamhaus_drop
204.61.96.0,2025-12-18T19:42:03.780572Z,spamhaus_drop
204.62.177.0,2025-12-18T19:42:03.780573Z,spamhaus_drop
204.63.64.0,2025-12-18T19:42:03.780574Z,spamhaus_drop
204.74.32.0,2025-12-18T19:42:03.780576Z,spamhaus_drop
204.75.147.0,2025-12-18T19:42:03.780577Z,spamhaus_drop
204.75.174.0,2025-12-18T19:42:03.780579Z,spamhaus_drop
204.75.228.0,2025-12-18T19:42:03.780580Z,spamhaus_drop
204.76.203.0,2025-12-18T19:42:03.780582Z,spamhaus_drop
204.80.164.0,2025-12-18T19:42:03.780583Z,spamhaus_drop
204.80.180.0,2025-12-18T19:42:03.780585Z,spamhaus_drop
204.80.198.0,2025-12-18T19:42:03.780586Z,spamhaus_drop
204.86.16.0,2025-12-18T19:42:03.780587Z,spamhaus_drop
204.87.199.0,2025-12-18T19:42:03.780589Z,spamhaus_drop
204.88.160.0,2025-12-18T19:42:03.780590Z,spamhaus_drop
204.89.202.0,2025-12-18T19:42:03.780592Z,spamhaus_drop
204.89.224.0,2025-12-18T19:42:03.780593Z,spamhaus_drop
204.91.96.0,2025-12-18T19:42:03.780595Z,spamhaus_drop
205.137.0.0,2025-12-18T19:42:03.780596Z,spamhaus_drop
205.142.104.0,2025-12-18T19:42:03.780598Z,spamhaus_drop
205.144.0.0,2025-12-18T19:42:03.780599Z,spamhaus_drop
205.148.128.0,2025-12-18T19:42:03.780601Z,spamhaus_drop
205.151.128.0,2025-12-18T19:42:03.780602Z,spamhaus_drop
205.151.216.0,2025-12-18T19:42:03.780603Z,spamhaus_drop
205.158.176.0,2025-12-18T19:42:03.780605Z,spamhaus_drop
205.159.174.0,2025-12-18T19:42:03.780606Z,spamhaus_drop
205.159.180.0,2025-12-18T19:42:03.780608Z,spamhaus_drop
205.159.201.0,2025-12-18T19:42:03.780609Z,spamhaus_drop
205.159.241.0,2025-12-18T19:42:03.780611Z,spamhaus_drop
205.159.26.0,2025-12-18T19:42:03.780612Z,spamhaus_drop
205.166.130.0,2025-12-18T19:42:03.780614Z,spamhaus_drop
205.166.154.0,2025-12-18T19:42:03.780615Z,spamhaus_drop
205.166.168.0,2025-12-18T19:42:03.780617Z,spamhaus_drop
205.166.183.0,2025-12-18T19:42:03.780618Z,spamhaus_drop
205.166.211.0,2025-12-18T19:42:03.780620Z,spamhaus_drop
205.166.77.0,2025-12-18T19:42:03.780621Z,spamhaus_drop
205.166.84.0,2025-12-18T19:42:03.780623Z,spamhaus_drop
205.166.87.0,2025-12-18T19:42:03.780624Z,spamhaus_drop
205.172.244.0,2025-12-18T19:42:03.780625Z,spamhaus_drop
205.175.160.0,2025-12-18T19:42:03.780627Z,spamhaus_drop
205.189.207.0,2025-12-18T19:42:03.780628Z,spamhaus_drop
205.189.71.0,2025-12-18T19:42:03.780630Z,spamhaus_drop
205.189.72.0,2025-12-18T19:42:03.780631Z,spamhaus_drop
205.196.100.0,2025-12-18T19:42:03.780633Z,spamhaus_drop
205.196.104.0,2025-12-18T19:42:03.780634Z,spamhaus_drop
205.196.112.0,2025-12-18T19:42:03.780636Z,spamhaus_drop
205.196.116.0,2025-12-18T19:42:03.780637Z,spamhaus_drop
205.196.164.0,2025-12-18T19:42:03.780639Z,spamhaus_drop
205.196.192.0,2025-12-18T19:42:03.780640Z,spamhaus_drop
205.196.200.0,2025-12-18T19:42:03.780642Z,spamhaus_drop
205.196.28.0,2025-12-18T19:42:03.780643Z,spamhaus_drop
205.196.48.0,2025-12-18T19:42:03.780645Z,spamhaus_drop
205.196.56.0,2025-12-18T19:42:03.780646Z,spamhaus_drop
205.196.60.0,2025-12-18T19:42:03.780648Z,spamhaus_drop
205.196.62.0,2025-12-18T19:42:03.780649Z,spamhaus_drop
205.196.67.0,2025-12-18T19:42:03.780651Z,spamhaus_drop
205.196.68.0,2025-12-18T19:42:03.780652Z,spamhaus_drop
205.196.71.0,2025-12-18T19:42:03.780654Z,spamhaus_drop
205.196.72.0,2025-12-18T19:42:03.780655Z,spamhaus_drop
205.196.76.0,2025-12-18T19:42:03.780656Z,spamhaus_drop
205.196.96.0,2025-12-18T19:42:03.780658Z,spamhaus_drop
205.196.99.0,2025-12-18T19:42:03.780659Z,spamhaus_drop
205.203.0.0,2025-12-18T19:42:03.780661Z,spamhaus_drop
205.203.224.0,2025-12-18T19:42:03.780662Z,spamhaus_drop
205.207.134.0,2025-12-18T19:42:03.780664Z,spamhaus_drop
205.207.75.0,2025-12-18T19:42:03.780665Z,spamhaus_drop
205.210.107.0,2025-12-18T19:42:03.780667Z,spamhaus_drop
205.210.139.0,2025-12-18T19:42:03.780668Z,spamhaus_drop
205.210.171.0,2025-12-18T19:42:03.780670Z,spamhaus_drop
205.210.172.0,2025-12-18T19:42:03.780671Z,spamhaus_drop
205.210.249.0,2025-12-18T19:42:03.780673Z,spamhaus_drop
205.210.29.0,2025-12-18T19:42:03.780674Z,spamhaus_drop
205.211.172.0,2025-12-18T19:42:03.780676Z,spamhaus_drop
205.211.179.0,2025-12-18T19:42:03.780677Z,spamhaus_drop
205.214.128.0,2025-12-18T19:42:03.780679Z,spamhaus_drop
205.214.96.0,2025-12-18T19:42:03.780680Z,spamhaus_drop
205.215.236.0,2025-12-18T19:42:03.780681Z,spamhaus_drop
205.233.156.0,2025-12-18T19:42:03.780683Z,spamhaus_drop
205.233.220.0,2025-12-18T19:42:03.780684Z,spamhaus_drop
205.233.224.0,2025-12-18T19:42:03.780686Z,spamhaus_drop
205.236.18.0,2025-12-18T19:42:03.780688Z,spamhaus_drop
205.236.185.0,2025-12-18T19:42:03.780689Z,spamhaus_drop
205.236.189.0,2025-12-18T19:42:03.780691Z,spamhaus_drop
205.237.10.0,2025-12-18T19:42:03.780692Z,spamhaus_drop
205.237.12.0,2025-12-18T19:42:03.780694Z,spamhaus_drop
205.237.16.0,2025-12-18T19:42:03.780695Z,spamhaus_drop
205.237.8.0,2025-12-18T19:42:03.780697Z,spamhaus_drop
206.121.28.0,2025-12-18T19:42:03.780698Z,spamhaus_drop
206.121.32.0,2025-12-18T19:42:03.780700Z,spamhaus_drop
206.123.145.0,2025-12-18T19:42:03.780701Z,spamhaus_drop
206.125.16.0,2025-12-18T19:42:03.780703Z,spamhaus_drop
206.130.180.0,2025-12-18T19:42:03.780704Z,spamhaus_drop
206.130.188.0,2025-12-18T19:42:03.780706Z,spamhaus_drop
206.130.237.0,2025-12-18T19:42:03.780714Z,spamhaus_drop
206.136.208.0,2025-12-18T19:42:03.780716Z,spamhaus_drop
206.143.128.0,2025-12-18T19:42:03.780717Z,spamhaus_drop
206.170.48.0,2025-12-18T19:42:03.780719Z,spamhaus_drop
206.170.56.0,2025-12-18T19:42:03.780722Z,spamhaus_drop
206.183.160.0,2025-12-18T19:42:03.780724Z,spamhaus_drop
206.195.224.0,2025-12-18T19:42:03.780725Z,spamhaus_drop
206.197.166.0,2025-12-18T19:42:03.780727Z,spamhaus_drop
206.197.77.0,2025-12-18T19:42:03.780728Z,spamhaus_drop
206.209.192.0,2025-12-18T19:42:03.780730Z,spamhaus_drop
206.209.48.0,2025-12-18T19:42:03.780731Z,spamhaus_drop
206.209.80.0,2025-12-18T19:42:03.780733Z,spamhaus_drop
206.221.0.0,2025-12-18T19:42:03.780734Z,spamhaus_drop
206.221.192.0,2025-12-18T19:42:03.780736Z,spamhaus_drop
206.221.96.0,2025-12-18T19:42:03.780737Z,spamhaus_drop
206.223.33.0,2025-12-18T19:42:03.780739Z,spamhaus_drop
206.224.160.0,2025-12-18T19:42:03.780740Z,spamhaus_drop
206.226.0.0,2025-12-18T19:42:03.780742Z,spamhaus_drop
206.226.32.0,2025-12-18T19:42:03.780743Z,spamhaus_drop
206.251.56.0,2025-12-18T19:42:03.780744Z,spamhaus_drop
206.41.128.0,2025-12-18T19:42:03.780746Z,spamhaus_drop
206.41.160.0,2025-12-18T19:42:03.780747Z,spamhaus_drop
206.51.29.0,2025-12-18T19:42:03.780749Z,spamhaus_drop
207.105.108.0,2025-12-18T19:42:03.780750Z,spamhaus_drop
207.110.64.0,2025-12-18T19:42:03.780752Z,spamhaus_drop
207.110.96.0,2025-12-18T19:42:03.780753Z,spamhaus_drop
207.183.192.0,2025-12-18T19:42:03.780755Z,spamhaus_drop
207.183.64.0,2025-12-18T19:42:03.780756Z,spamhaus_drop
207.183.96.0,2025-12-18T19:42:03.780758Z,spamhaus_drop
207.22.192.0,2025-12-18T19:42:03.780759Z,spamhaus_drop
207.228.200.0,2025-12-18T19:42:03.780760Z,spamhaus_drop
207.244.0.0,2025-12-18T19:42:03.780769Z,spamhaus_drop
207.252.136.0,2025-12-18T19:42:03.780771Z,spamhaus_drop
207.45.224.0,2025-12-18T19:42:03.780772Z,spamhaus_drop
207.45.56.0,2025-12-18T19:42:03.780773Z,spamhaus_drop
207.70.192.0,2025-12-18T19:42:03.780775Z,spamhaus_drop
207.70.224.0,2025-12-18T19:42:03.780776Z,spamhaus_drop
208.187.240.0,2025-12-18T19:42:03.780778Z,spamhaus_drop
208.205.128.0,2025-12-18T19:42:03.780779Z,spamhaus_drop
208.217.32.0,2025-12-18T19:42:03.780781Z,spamhaus_drop
208.75.88.0,2025-12-18T19:42:03.780782Z,spamhaus_drop
208.90.32.0,2025-12-18T19:42:03.780784Z,spamhaus_drop
208.98.64.0,2025-12-18T19:42:03.780785Z,spamhaus_drop
209.120.205.0,2025-12-18T19:42:03.780787Z,spamhaus_drop
209.148.16.0,2025-12-18T19:42:03.780788Z,spamhaus_drop
209.159.128.0,2025-12-18T19:42:03.780790Z,spamhaus_drop
209.161.64.0,2025-12-18T19:42:03.780791Z,spamhaus_drop
209.17.192.0,2025-12-18T19:42:03.780792Z,spamhaus_drop
209.182.100.0,2025-12-18T19:42:03.780794Z,spamhaus_drop
209.182.64.0,2025-12-18T19:42:03.780795Z,spamhaus_drop
209.186.20.0,2025-12-18T19:42:03.780797Z,spamhaus_drop
209.186.224.0,2025-12-18T19:42:03.780798Z,spamhaus_drop
209.186.232.0,2025-12-18T19:42:03.780800Z,spamhaus_drop
209.186.236.0,2025-12-18T19:42:03.780801Z,spamhaus_drop
209.186.24.0,2025-12-18T19:42:03.780803Z,spamhaus_drop
209.233.156.0,2025-12-18T19:42:03.780804Z,spamhaus_drop
209.63.8.0,2025-12-18T19:42:03.780806Z,spamhaus_drop
209.66.0.0,2025-12-18T19:42:03.780807Z,spamhaus_drop
209.66.128.0,2025-12-18T19:42:03.780808Z,spamhaus_drop
209.79.220.0,2025-12-18T19:42:03.780810Z,spamhaus_drop
209.95.192.0,2025-12-18T19:42:03.780811Z,spamhaus_drop
209.95.64.0,2025-12-18T19:42:03.780813Z,spamhaus_drop
209.99.128.0,2025-12-18T19:42:03.780814Z,spamhaus_drop
210.56.48.0,2025-12-18T19:42:03.780816Z,spamhaus_drop
210.57.128.0,2025-12-18T19:42:03.780817Z,spamhaus_drop
211.102.0.0,2025-12-18T19:42:03.780819Z,spamhaus_drop
212.11.64.0,2025-12-18T19:42:03.780820Z,spamhaus_drop
212.224.93.0,2025-12-18T19:42:03.780822Z,spamhaus_drop
212.237.152.0,2025-12-18T19:42:03.780823Z,spamhaus_drop
213.190.14.0,2025-12-18T19:42:03.780825Z,spamhaus_drop
213.209.129.0,2025-12-18T19:42:03.780826Z,spamhaus_drop
213.209.143.0,2025-12-18T19:42:03.780827Z,spamhaus_drop
213.209.156.0,2025-12-18T19:42:03.780829Z,spamhaus_drop
213.209.157.0,2025-12-18T19:42:03.780830Z,spamhaus_drop
213.21.237.0,2025-12-18T19:42:03.780832Z,spamhaus_drop
216.137.144.0,2025-12-18T19:42:03.780833Z,spamhaus_drop
216.179.128.0,2025-12-18T19:42:03.780835Z,spamhaus_drop
216.240.96.0,2025-12-18T19:42:03.780836Z,spamhaus_drop
216.250.16.0,2025-12-18T19:42:03.780838Z,spamhaus_drop
216.63.240.0,2025-12-18T19:42:03.780839Z,spamhaus_drop
216.7.96.0,2025-12-18T19:42:03.780841Z,spamhaus_drop
216.9.224.0,2025-12-18T19:42:03.780842Z,spamhaus_drop
216.93.96.0,2025-12-18T19:42:03.780844Z,spamhaus_drop
217.119.139.0,2025-12-18T19:42:03.780845Z,spamhaus_drop
217.60.192.0,2025-12-18T19:42:03.780846Z,spamhaus_drop
217.60.239.0,2025-12-18T19:42:03.780848Z,spamhaus_drop
217.60.24.0,2025-12-18T19:42:03.780849Z,spamhaus_drop
217.60.242.0,2025-12-18T19:42:03.780851Z,spamhaus_drop
217.60.246.0,2025-12-18T19:42:03.780852Z,spamhaus_drop
217.60.60.0,2025-12-18T19:42:03.780854Z,spamhaus_drop
218.30.103.0,2025-12-18T19:42:03.780855Z,spamhaus_drop
218.99.0.0,2025-12-18T19:42:03.780857Z,spamhaus_drop
221.128.128.0,2025-12-18T19:42:03.780858Z,spamhaus_drop
223.155.16.0,2025-12-18T19:42:03.780860Z,spamhaus_drop
223.169.0.0,2025-12-18T19:42:03.780861Z,spamhaus_drop
223.173.0.0,2025-12-18T19:42:03.780863Z,spamhaus_drop
223.254.0.0,2025-12-18T19:42:03.780864Z,spamhaus_drop
223.26.48.0,2025-12-18T19:42:03.780866Z,spamhaus_drop
223.29.226.0,2025-12-18T19:42:03.780867Z,spamhaus_drop
23.129.252.0,2025-12-18T19:42:03.780869Z,spamhaus_drop
23.132.164.0,2025-12-18T19:42:03.780870Z,spamhaus_drop
23.137.100.0,2025-12-18T19:42:03.780872Z,spamhaus_drop
23.146.240.0,2025-12-18T19:42:03.780873Z,spamhaus_drop
23.146.242.0,2025-12-18T19:42:03.780874Z,spamhaus_drop
23.147.148.0,2025-12-18T19:42:03.780876Z,spamhaus_drop
23.147.156.0,2025-12-18T19:42:03.780877Z,spamhaus_drop
23.147.164.0,2025-12-18T19:42:03.780879Z,spamhaus_drop
23.147.52.0,2025-12-18T19:42:03.780880Z,spamhaus_drop
23.148.144.0,2025-12-18T19:42:03.780882Z,spamhaus_drop
23.164.152.0,2025-12-18T19:42:03.780883Z,spamhaus_drop
23.164.153.0,2025-12-18T19:42:03.780885Z,spamhaus_drop
23.172.112.0,2025-12-18T19:42:03.780886Z,spamhaus_drop
23.172.216.0,2025-12-18T19:42:03.780888Z,spamhaus_drop
23.176.184.0,2025-12-18T19:42:03.780889Z,spamhaus_drop
23.226.54.0,2025-12-18T19:42:03.780891Z,spamhaus_drop
23.235.128.0,2025-12-18T19:42:03.780892Z,spamhaus_drop
24.137.16.0,2025-12-18T19:42:03.780893Z,spamhaus_drop
24.170.208.0,2025-12-18T19:42:03.780895Z,spamhaus_drop
24.233.0.0,2025-12-18T19:42:03.780896Z,spamhaus_drop
24.236.0.0,2025-12-18T19:42:03.780898Z,spamhaus_drop
27.112.32.0,2025-12-18T19:42:03.780899Z,spamhaus_drop
27.122.32.0,2025-12-18T19:42:03.780901Z,spamhaus_drop
27.123.208.0,2025-12-18T19:42:03.780902Z,spamhaus_drop
27.124.0.0,2025-12-18T19:42:03.780904Z,spamhaus_drop
27.124.17.0,2025-12-18T19:42:03.780905Z,spamhaus_drop
27.124.41.0,2025-12-18T19:42:03.780907Z,spamhaus_drop
27.126.160.0,2025-12-18T19:42:03.780908Z,spamhaus_drop
27.146.0.0,2025-12-18T19:42:03.780910Z,spamhaus_drop
27.50.63.0,2025-12-18T19:42:03.780911Z,spamhaus_drop
27.99.128.0,2025-12-18T19:42:03.780913Z,spamhaus_drop
31.129.48.0,2025-12-18T19:42:03.780914Z,spamhaus_drop
31.129.49.0,2025-12-18T19:42:03.780915Z,spamhaus_drop
31.217.252.0,2025-12-18T19:42:03.780917Z,spamhaus_drop
31.222.236.0,2025-12-18T19:42:03.780918Z,spamhaus_drop
31.24.81.0,2025-12-18T19:42:03.780920Z,spamhaus_drop
31.40.204.0,2025-12-18T19:42:03.780921Z,spamhaus_drop
36.0.128.0,2025-12-18T19:42:03.780923Z,spamhaus_drop
36.0.8.0,2025-12-18T19:42:03.780924Z,spamhaus_drop
36.116.0.0,2025-12-18T19:42:03.780926Z,spamhaus_drop
36.119.0.0,2025-12-18T19:42:03.780927Z,spamhaus_drop
36.255.216.0,2025-12-18T19:42:03.780929Z,spamhaus_drop
36.255.236.0,2025-12-18T19:42:03.780930Z,spamhaus_drop
36.255.98.0,2025-12-18T19:42:03.780932Z,spamhaus_drop
36.37.48.0,2025-12-18T19:42:03.780933Z,spamhaus_drop
37.140.251.0,2025-12-18T19:42:03.780935Z,spamhaus_drop
37.156.64.0,2025-12-18T19:42:03.780936Z,spamhaus_drop
37.49.148.0,2025-12-18T19:42:03.780938Z,spamhaus_drop
37.77.144.0,2025-12-18T19:42:03.780939Z,spamhaus_drop
38.182.0.0,2025-12-18T19:42:03.780941Z,spamhaus_drop
38.92.176.0,2025-12-18T19:42:03.780942Z,spamhaus_drop
38.92.184.0,2025-12-18T19:42:03.780943Z,spamhaus_drop
41.71.128.0,2025-12-18T19:42:03.780945Z,spamhaus_drop
41.71.150.0,2025-12-18T19:42:03.780946Z,spamhaus_drop
41.71.222.0,2025-12-18T19:42:03.780948Z,spamhaus_drop
41.71.223.0,2025-12-18T19:42:03.780949Z,spamhaus_drop
41.71.224.0,2025-12-18T19:42:03.780951Z,spamhaus_drop
41.71.225.0,2025-12-18T19:42:03.780952Z,spamhaus_drop
41.71.226.0,2025-12-18T19:42:03.780954Z,spamhaus_drop
41.71.229.0,2025-12-18T19:42:03.780955Z,spamhaus_drop
41.71.230.0,2025-12-18T19:42:03.780957Z,spamhaus_drop
41.71.240.0,2025-12-18T19:42:03.780958Z,spamhaus_drop
42.0.128.0,2025-12-18T19:42:03.780960Z,spamhaus_drop
42.0.32.0,2025-12-18T19:42:03.780961Z,spamhaus_drop
42.128.0.0,2025-12-18T19:42:03.780962Z,spamhaus_drop
42.160.0.0,2025-12-18T19:42:03.780964Z,spamhaus_drop
42.208.0.0,2025-12-18T19:42:03.780965Z,spamhaus_drop
43.229.240.0,2025-12-18T19:42:03.780967Z,spamhaus_drop
43.229.52.0,2025-12-18T19:42:03.780968Z,spamhaus_drop
43.231.220.0,2025-12-18T19:42:03.780970Z,spamhaus_drop
43.236.0.0,2025-12-18T19:42:03.780971Z,spamhaus_drop
43.239.104.0,2025-12-18T19:42:03.780973Z,spamhaus_drop
43.246.180.0,2025-12-18T19:42:03.780974Z,spamhaus_drop
43.248.40.0,2025-12-18T19:42:03.780976Z,spamhaus_drop
45.10.166.0,2025-12-18T19:42:03.780977Z,spamhaus_drop
45.114.184.0,2025-12-18T19:42:03.780978Z,spamhaus_drop
45.114.200.0,2025-12-18T19:42:03.780980Z,spamhaus_drop
45.116.224.0,2025-12-18T19:42:03.780981Z,spamhaus_drop
45.117.140.0,2025-12-18T19:42:03.780983Z,spamhaus_drop
45.121.204.0,2025-12-18T19:42:03.780984Z,spamhaus_drop
45.125.66.0,2025-12-18T19:42:03.780988Z,spamhaus_drop
45.126.148.0,2025-12-18T19:42:03.780990Z,spamhaus_drop
45.13.213.0,2025-12-18T19:42:03.780991Z,spamhaus_drop
45.131.1.0,2025-12-18T19:42:03.780993Z,spamhaus_drop
45.132.180.0,2025-12-18T19:42:03.780994Z,spamhaus_drop
45.132.49.0,2025-12-18T19:42:03.780995Z,spamhaus_drop
45.133.246.0,2025-12-18T19:42:03.780997Z,spamhaus_drop
45.134.26.0,2025-12-18T19:42:03.780998Z,spamhaus_drop
45.135.193.0,2025-12-18T19:42:03.781000Z,spamhaus_drop
45.135.194.0,2025-12-18T19:42:03.781001Z,spamhaus_drop
45.135.232.0,2025-12-18T19:42:03.781003Z,spamhaus_drop
45.135.48.0,2025-12-18T19:42:03.781004Z,spamhaus_drop
45.138.100.0,2025-12-18T19:42:03.781006Z,spamhaus_drop
45.138.16.0,2025-12-18T19:42:03.781007Z,spamhaus_drop
45.139.104.0,2025-12-18T19:42:03.781009Z,spamhaus_drop
45.140.17.0,2025-12-18T19:42:03.781010Z,spamhaus_drop
45.141.198.0,2025-12-18T19:42:03.781012Z,spamhaus_drop
45.141.215.0,2025-12-18T19:42:03.781013Z,spamhaus_drop
45.141.56.0,2025-12-18T19:42:03.781015Z,spamhaus_drop
45.141.58.0,2025-12-18T19:42:03.781016Z,spamhaus_drop
45.141.84.0,2025-12-18T19:42:03.781017Z,spamhaus_drop
45.142.155.0,2025-12-18T19:42:03.781019Z,spamhaus_drop
45.142.193.0,2025-12-18T19:42:03.781020Z,spamhaus_drop
45.143.201.0,2025-12-18T19:42:03.781022Z,spamhaus_drop
45.144.212.0,2025-12-18T19:42:03.781023Z,spamhaus_drop
45.145.176.0,2025-12-18T19:42:03.781025Z,spamhaus_drop
45.146.130.0,2025-12-18T19:42:03.781026Z,spamhaus_drop
45.148.10.0,2025-12-18T19:42:03.781028Z,spamhaus_drop
45.148.120.0,2025-12-18T19:42:03.781029Z,spamhaus_drop
45.148.121.0,2025-12-18T19:42:03.781031Z,spamhaus_drop
45.15.21.0,2025-12-18T19:42:03.781032Z,spamhaus_drop
45.151.71.0,2025-12-18T19:42:03.781033Z,spamhaus_drop
45.152.149.0,2025-12-18T19:42:03.781035Z,spamhaus_drop
45.153.34.0,2025-12-18T19:42:03.781036Z,spamhaus_drop
45.154.98.0,2025-12-18T19:42:03.781038Z,spamhaus_drop
45.156.87.0,2025-12-18T19:42:03.781039Z,spamhaus_drop
45.186.152.0,2025-12-18T19:42:03.781041Z,spamhaus_drop
45.192.178.0,2025-12-18T19:42:03.781042Z,spamhaus_drop
45.194.66.0,2025-12-18T19:42:03.781044Z,spamhaus_drop
45.194.92.0,2025-12-18T19:42:03.781045Z,spamhaus_drop
45.230.66.0,2025-12-18T19:42:03.781047Z,spamhaus_drop
45.248.88.0,2025-12-18T19:42:03.781048Z,spamhaus_drop
45.64.52.0,2025-12-18T19:42:03.781050Z,spamhaus_drop
45.64.74.0,2025-12-18T19:42:03.781051Z,spamhaus_drop
45.65.32.0,2025-12-18T19:42:03.781053Z,spamhaus_drop
45.74.10.0,2025-12-18T19:42:03.781054Z,spamhaus_drop
45.74.16.0,2025-12-18T19:42:03.781056Z,spamhaus_drop
45.74.57.0,2025-12-18T19:42:03.781057Z,spamhaus_drop
45.80.158.0,2025-12-18T19:42:03.781059Z,spamhaus_drop
45.80.248.0,2025-12-18T19:42:03.781060Z,spamhaus_drop
45.80.37.0,2025-12-18T19:42:03.781061Z,spamhaus_drop
45.81.23.0,2025-12-18T19:42:03.781063Z,spamhaus_drop
45.83.28.0,2025-12-18T19:42:03.781064Z,spamhaus_drop
45.83.31.0,2025-12-18T19:42:03.781066Z,spamhaus_drop
45.84.178.0,2025-12-18T19:42:03.781067Z,spamhaus_drop
45.86.18.0,2025-12-18T19:42:03.781069Z,spamhaus_drop
45.86.19.0,2025-12-18T19:42:03.781070Z,spamhaus_drop
45.86.48.0,2025-12-18T19:42:03.781072Z,spamhaus_drop
45.88.186.0,2025-12-18T19:42:03.781073Z,spamhaus_drop
45.9.168.0,2025-12-18T19:42:03.781075Z,spamhaus_drop
45.91.227.0,2025-12-18T19:42:03.781076Z,spamhaus_drop
45.92.1.0,2025-12-18T19:42:03.781077Z,spamhaus_drop
45.93.20.0,2025-12-18T19:42:03.781079Z,spamhaus_drop
45.94.31.0,2025-12-18T19:42:03.781080Z,spamhaus_drop
46.151.182.0,2025-12-18T19:42:03.781082Z,spamhaus_drop
46.173.214.0,2025-12-18T19:42:03.781083Z,spamhaus_drop
46.173.218.0,2025-12-18T19:42:03.781085Z,spamhaus_drop
46.173.219.0,2025-12-18T19:42:03.781086Z,spamhaus_drop
46.173.223.0,2025-12-18T19:42:03.781088Z,spamhaus_drop
46.173.240.0,2025-12-18T19:42:03.781089Z,spamhaus_drop
46.174.204.0,2025-12-18T19:42:03.781091Z,spamhaus_drop
49.156.160.0,2025-12-18T19:42:03.781092Z,spamhaus_drop
49.238.64.0,2025-12-18T19:42:03.781094Z,spamhaus_drop
49.89.240.0,2025-12-18T19:42:03.781095Z,spamhaus_drop
5.101.82.0,2025-12-18T19:42:03.781096Z,spamhaus_drop
5.105.220.0,2025-12-18T19:42:03.781098Z,spamhaus_drop
5.133.101.0,2025-12-18T19:42:03.781099Z,spamhaus_drop
5.183.129.0,2025-12-18T19:42:03.781101Z,spamhaus_drop
5.183.60.0,2025-12-18T19:42:03.781102Z,spamhaus_drop
5.188.236.0,2025-12-18T19:42:03.781104Z,spamhaus_drop
5.42.92.0,2025-12-18T19:42:03.781105Z,spamhaus_drop
57.14.0.0,2025-12-18T19:42:03.781107Z,spamhaus_drop
57.37.0.0,2025-12-18T19:42:03.781108Z,spamhaus_drop
58.14.0.0,2025-12-18T19:42:03.781110Z,spamhaus_drop
58.2.0.0,2025-12-18T19:42:03.781111Z,spamhaus_drop
59.155.0.0,2025-12-18T19:42:03.781113Z,spamhaus_drop
60.200.0.0,2025-12-18T19:42:03.781114Z,spamhaus_drop
60.233.0.0,2025-12-18T19:42:03.781115Z,spamhaus_drop
61.11.224.0,2025-12-18T19:42:03.781117Z,spamhaus_drop
61.135.130.0,2025-12-18T19:42:03.781118Z,spamhaus_drop
61.45.251.0,2025-12-18T19:42:03.781120Z,spamhaus_drop
62.204.41.0,2025-12-18T19:42:03.781121Z,spamhaus_drop
62.60.130.0,2025-12-18T19:42:03.781123Z,spamhaus_drop
62.60.131.0,2025-12-18T19:42:03.781124Z,spamhaus_drop
62.60.135.0,2025-12-18T19:42:03.781126Z,spamhaus_drop
62.60.186.0,2025-12-18T19:42:03.781127Z,spamhaus_drop
62.60.188.0,2025-12-18T19:42:03.781129Z,spamhaus_drop
62.60.208.0,2025-12-18T19:42:03.781130Z,spamhaus_drop
62.60.224.0,2025-12-18T19:42:03.781132Z,spamhaus_drop
62.60.226.0,2025-12-18T19:42:03.781133Z,spamhaus_drop
63.106.68.0,2025-12-18T19:42:03.781135Z,spamhaus_drop
63.66.60.0,2025-12-18T19:42:03.781136Z,spamhaus_drop
63.80.8.0,2025-12-18T19:42:03.781137Z,spamhaus_drop
63.80.80.0,2025-12-18T19:42:03.781139Z,spamhaus_drop
64.116.200.0,2025-12-18T19:42:03.781140Z,spamhaus_drop
64.15.0.0,2025-12-18T19:42:03.781142Z,spamhaus_drop
64.250.144.0,2025-12-18T19:42:03.781143Z,spamhaus_drop
64.254.80.0,2025-12-18T19:42:03.781145Z,spamhaus_drop
64.92.224.0,2025-12-18T19:42:03.781146Z,spamhaus_drop
65.162.110.0,2025-12-18T19:42:03.781148Z,spamhaus_drop
65.205.64.0,2025-12-18T19:42:03.781149Z,spamhaus_drop
65.216.208.0,2025-12-18T19:42:03.781151Z,spamhaus_drop
67.219.208.0,2025-12-18T19:42:03.781152Z,spamhaus_drop
69.165.0.0,2025-12-18T19:42:03.781154Z,spamhaus_drop
69.36.44.0,2025-12-18T19:42:03.781155Z,spamhaus_drop
69.5.189.0,2025-12-18T19:42:03.781157Z,spamhaus_drop
74.114.148.0,2025-12-18T19:42:03.781158Z,spamhaus_drop
76.74.0.0,2025-12-18T19:42:03.781160Z,spamhaus_drop
76.74.36.0,2025-12-18T19:42:03.781161Z,spamhaus_drop
76.74.40.0,2025-12-18T19:42:03.781162Z,spamhaus_drop
76.74.42.0,2025-12-18T19:42:03.781164Z,spamhaus_drop
76.74.52.0,2025-12-18T19:42:03.781165Z,spamhaus_drop
76.74.60.0,2025-12-18T19:42:03.781167Z,spamhaus_drop
76.74.78.0,2025-12-18T19:42:03.781168Z,spamhaus_drop
77.109.3.0,2025-12-18T19:42:03.781170Z,spamhaus_drop
77.221.134.0,2025-12-18T19:42:03.781171Z,spamhaus_drop
77.221.146.0,2025-12-18T19:42:03.781173Z,spamhaus_drop
77.244.221.0,2025-12-18T19:42:03.781174Z,spamhaus_drop
77.36.112.0,2025-12-18T19:42:03.781176Z,spamhaus_drop
77.47.152.0,2025-12-18T19:42:03.781177Z,spamhaus_drop
77.47.178.0,2025-12-18T19:42:03.781179Z,spamhaus_drop
77.47.242.0,2025-12-18T19:42:03.781180Z,spamhaus_drop
77.81.84.0,2025-12-18T19:42:03.781182Z,spamhaus_drop
77.81.86.0,2025-12-18T19:42:03.781183Z,spamhaus_drop
77.81.89.0,2025-12-18T19:42:03.781184Z,spamhaus_drop
77.83.39.0,2025-12-18T19:42:03.781186Z,spamhaus_drop
77.90.154.0,2025-12-18T19:42:03.781187Z,spamhaus_drop
77.90.185.0,2025-12-18T19:42:03.781189Z,spamhaus_drop
77.91.76.0,2025-12-18T19:42:03.781190Z,spamhaus_drop
78.153.140.0,2025-12-18T19:42:03.781192Z,spamhaus_drop
78.159.156.0,2025-12-18T19:42:03.781193Z,spamhaus_drop
78.40.143.0,2025-12-18T19:42:03.781195Z,spamhaus_drop
79.124.62.0,2025-12-18T19:42:03.781197Z,spamhaus_drop
79.141.79.0,2025-12-18T19:42:03.781199Z,spamhaus_drop
80.208.192.0,2025-12-18T19:42:03.781200Z,spamhaus_drop
80.244.11.0,2025-12-18T19:42:03.781202Z,spamhaus_drop
80.66.65.0,2025-12-18T19:42:03.781203Z,spamhaus_drop
80.66.75.0,2025-12-18T19:42:03.781205Z,spamhaus_drop
80.66.77.0,2025-12-18T19:42:03.781206Z,spamhaus_drop
80.94.92.0,2025-12-18T19:42:03.781208Z,spamhaus_drop
80.94.95.0,2025-12-18T19:42:03.781212Z,spamhaus_drop
80.97.160.0,2025-12-18T19:42:03.781213Z,spamhaus_drop
80.97.47.0,2025-12-18T19:42:03.781215Z,spamhaus_drop
81.30.107.0,2025-12-18T19:42:03.781216Z,spamhaus_drop
81.94.150.0,2025-12-18T19:42:03.781218Z,spamhaus_drop
81.94.159.0,2025-12-18T19:42:03.781219Z,spamhaus_drop
82.135.156.0,2025-12-18T19:42:03.781221Z,spamhaus_drop
82.135.228.0,2025-12-18T19:42:03.781222Z,spamhaus_drop
83.142.209.0,2025-12-18T19:42:03.781224Z,spamhaus_drop
83.142.214.0,2025-12-18T19:42:03.781225Z,spamhaus_drop
83.175.0.0,2025-12-18T19:42:03.781227Z,spamhaus_drop
83.218.218.0,2025-12-18T19:42:03.781228Z,spamhaus_drop
84.54.33.0,2025-12-18T19:42:03.781230Z,spamhaus_drop
85.114.120.0,2025-12-18T19:42:03.781231Z,spamhaus_drop
85.121.236.0,2025-12-18T19:42:03.781233Z,spamhaus_drop
85.158.149.0,2025-12-18T19:42:03.781234Z,spamhaus_drop
85.192.49.0,2025-12-18T19:42:03.781235Z,spamhaus_drop
85.203.26.0,2025-12-18T19:42:03.781237Z,spamhaus_drop
85.208.212.0,2025-12-18T19:42:03.781238Z,spamhaus_drop
86.104.222.0,2025-12-18T19:42:03.781240Z,spamhaus_drop
86.104.224.0,2025-12-18T19:42:03.781241Z,spamhaus_drop
86.105.176.0,2025-12-18T19:42:03.781243Z,spamhaus_drop
86.105.178.0,2025-12-18T19:42:03.781244Z,spamhaus_drop
86.105.186.0,2025-12-18T19:42:03.781246Z,spamhaus_drop
86.105.2.0,2025-12-18T19:42:03.781247Z,spamhaus_drop
86.105.229.0,2025-12-18T19:42:03.781249Z,spamhaus_drop
86.105.230.0,2025-12-18T19:42:03.781250Z,spamhaus_drop
86.105.6.0,2025-12-18T19:42:03.781251Z,spamhaus_drop
86.106.10.0,2025-12-18T19:42:03.781253Z,spamhaus_drop
86.106.104.0,2025-12-18T19:42:03.781254Z,spamhaus_drop
86.106.106.0,2025-12-18T19:42:03.781256Z,spamhaus_drop
86.106.110.0,2025-12-18T19:42:03.781257Z,spamhaus_drop
86.106.13.0,2025-12-18T19:42:03.781259Z,spamhaus_drop
86.106.14.0,2025-12-18T19:42:03.781260Z,spamhaus_drop
86.106.140.0,2025-12-18T19:42:03.781262Z,spamhaus_drop
86.106.174.0,2025-12-18T19:42:03.781263Z,spamhaus_drop
86.106.80.0,2025-12-18T19:42:03.781265Z,spamhaus_drop
86.106.94.0,2025-12-18T19:42:03.781266Z,spamhaus_drop
86.107.193.0,2025-12-18T19:42:03.781268Z,spamhaus_drop
86.107.194.0,2025-12-18T19:42:03.781269Z,spamhaus_drop
86.107.72.0,2025-12-18T19:42:03.781271Z,spamhaus_drop
86.111.228.0,2025-12-18T19:42:03.781272Z,spamhaus_drop
86.54.26.0,2025-12-18T19:42:03.781274Z,spamhaus_drop
86.54.42.0,2025-12-18T19:42:03.781275Z,spamhaus_drop
87.120.191.0,2025-12-18T19:42:03.781276Z,spamhaus_drop
87.120.93.0,2025-12-18T19:42:03.781278Z,spamhaus_drop
87.121.79.0,2025-12-18T19:42:03.781279Z,spamhaus_drop
87.121.84.0,2025-12-18T19:42:03.781281Z,spamhaus_drop
87.228.112.0,2025-12-18T19:42:03.781282Z,spamhaus_drop
87.228.25.0,2025-12-18T19:42:03.781284Z,spamhaus_drop
87.251.79.0,2025-12-18T19:42:03.781285Z,spamhaus_drop
88.210.63.0,2025-12-18T19:42:03.781287Z,spamhaus_drop
88.218.64.0,2025-12-18T19:42:03.781288Z,spamhaus_drop
89.190.156.0,2025-12-18T19:42:03.781290Z,spamhaus_drop
89.23.126.0,2025-12-18T19:42:03.781291Z,spamhaus_drop
89.251.10.0,2025-12-18T19:42:03.781293Z,spamhaus_drop
89.32.170.0,2025-12-18T19:42:03.781294Z,spamhaus_drop
89.32.202.0,2025-12-18T19:42:03.781296Z,spamhaus_drop
89.32.43.0,2025-12-18T19:42:03.781297Z,spamhaus_drop
89.33.134.0,2025-12-18T19:42:03.781299Z,spamhaus_drop
89.33.206.0,2025-12-18T19:42:03.781300Z,spamhaus_drop
89.33.250.0,2025-12-18T19:42:03.781301Z,spamhaus_drop
89.33.254.0,2025-12-18T19:42:03.781303Z,spamhaus_drop
89.33.46.0,2025-12-18T19:42:03.781304Z,spamhaus_drop
89.34.0.0,2025-12-18T19:42:03.781306Z,spamhaus_drop
89.34.102.0,2025-12-18T19:42:03.781307Z,spamhaus_drop
89.34.104.0,2025-12-18T19:42:03.781309Z,spamhaus_drop
89.34.4.0,2025-12-18T19:42:03.781310Z,spamhaus_drop
89.35.89.0,2025-12-18T19:42:03.781312Z,spamhaus_drop
89.35.90.0,2025-12-18T19:42:03.781313Z,spamhaus_drop
89.36.136.0,2025-12-18T19:42:03.781315Z,spamhaus_drop
89.36.138.0,2025-12-18T19:42:03.781316Z,spamhaus_drop
89.36.141.0,2025-12-18T19:42:03.781318Z,spamhaus_drop
89.37.96.0,2025-12-18T19:42:03.781319Z,spamhaus_drop
89.38.240.0,2025-12-18T19:42:03.781320Z,spamhaus_drop
89.39.215.0,2025-12-18T19:42:03.781322Z,spamhaus_drop
89.39.69.0,2025-12-18T19:42:03.781323Z,spamhaus_drop
89.40.138.0,2025-12-18T19:42:03.781325Z,spamhaus_drop
89.40.207.0,2025-12-18T19:42:03.781326Z,spamhaus_drop
89.40.209.0,2025-12-18T19:42:03.781328Z,spamhaus_drop
89.41.50.0,2025-12-18T19:42:03.781329Z,spamhaus_drop
89.43.50.0,2025-12-18T19:42:03.781331Z,spamhaus_drop
89.45.82.0,2025-12-18T19:42:03.781332Z,spamhaus_drop
89.46.47.0,2025-12-18T19:42:03.781334Z,spamhaus_drop
91.200.133.0,2025-12-18T19:42:03.781335Z,spamhaus_drop
91.200.164.0,2025-12-18T19:42:03.781337Z,spamhaus_drop
91.202.233.0,2025-12-18T19:42:03.781338Z,spamhaus_drop
91.203.192.0,2025-12-18T19:42:03.781339Z,spamhaus_drop
91.203.193.0,2025-12-18T19:42:03.781341Z,spamhaus_drop
91.204.224.0,2025-12-18T19:42:03.781342Z,spamhaus_drop
91.206.169.0,2025-12-18T19:42:03.781344Z,spamhaus_drop
91.212.166.0,2025-12-18T19:42:03.781345Z,spamhaus_drop
91.214.109.0,2025-12-18T19:42:03.781347Z,spamhaus_drop
91.215.85.0,2025-12-18T19:42:03.781348Z,spamhaus_drop
91.218.236.0,2025-12-18T19:42:03.781350Z,spamhaus_drop
91.220.163.0,2025-12-18T19:42:03.781351Z,spamhaus_drop
91.224.92.0,2025-12-18T19:42:03.781353Z,spamhaus_drop
91.228.168.0,2025-12-18T19:42:03.781354Z,spamhaus_drop
91.228.68.0,2025-12-18T19:42:03.781356Z,spamhaus_drop
91.229.52.0,2025-12-18T19:42:03.781357Z,spamhaus_drop
91.231.222.0,2025-12-18T19:42:03.781359Z,spamhaus_drop
91.232.18.0,2025-12-18T19:42:03.781360Z,spamhaus_drop
91.233.0.0,2025-12-18T19:42:03.781361Z,spamhaus_drop
91.235.130.0,2025-12-18T19:42:03.781363Z,spamhaus_drop
91.242.228.0,2025-12-18T19:42:03.781364Z,spamhaus_drop
91.243.93.0,2025-12-18T19:42:03.781366Z,spamhaus_drop
91.246.176.0,2025-12-18T19:42:03.781367Z,spamhaus_drop
91.246.43.0,2025-12-18T19:42:03.781369Z,spamhaus_drop
91.92.240.0,2025-12-18T19:42:03.781370Z,spamhaus_drop
91.92.46.0,2025-12-18T19:42:03.781372Z,spamhaus_drop
92.118.39.0,2025-12-18T19:42:03.781373Z,spamhaus_drop
92.119.194.0,2025-12-18T19:42:03.781375Z,spamhaus_drop
92.249.63.0,2025-12-18T19:42:03.781376Z,spamhaus_drop
92.255.57.0,2025-12-18T19:42:03.781378Z,spamhaus_drop
92.63.197.0,2025-12-18T19:42:03.781379Z,spamhaus_drop
92.87.6.0,2025-12-18T19:42:03.781381Z,spamhaus_drop
93.114.51.0,2025-12-18T19:42:03.781382Z,spamhaus_drop
93.114.52.0,2025-12-18T19:42:03.781383Z,spamhaus_drop
93.114.54.0,2025-12-18T19:42:03.781385Z,spamhaus_drop
93.114.58.0,2025-12-18T19:42:03.781386Z,spamhaus_drop
93.115.59.0,2025-12-18T19:42:03.781388Z,spamhaus_drop
93.119.118.0,2025-12-18T19:42:03.781389Z,spamhaus_drop
93.119.120.0,2025-12-18T19:42:03.781391Z,spamhaus_drop
93.123.109.0,2025-12-18T19:42:03.781392Z,spamhaus_drop
93.152.219.0,2025-12-18T19:42:03.781394Z,spamhaus_drop
94.103.188.0,2025-12-18T19:42:03.781395Z,spamhaus_drop
94.154.35.0,2025-12-18T19:42:03.781396Z,spamhaus_drop
94.26.105.0,2025-12-18T19:42:03.781398Z,spamhaus_drop
94.26.38.0,2025-12-18T19:42:03.781399Z,spamhaus_drop
94.26.88.0,2025-12-18T19:42:03.781401Z,spamhaus_drop
94.26.90.0,2025-12-18T19:42:03.781402Z,spamhaus_drop
94.74.152.0,2025-12-18T19:42:03.781404Z,spamhaus_drop
94.74.157.0,2025-12-18T19:42:03.781405Z,spamhaus_drop
94.74.164.0,2025-12-18T19:42:03.781407Z,spamhaus_drop
94.74.182.0,2025-12-18T19:42:03.781408Z,spamhaus_drop
94.74.191.0,2025-12-18T19:42:03.781410Z,spamhaus_drop
95.161.128.0,2025-12-18T19:42:03.781411Z,spamhaus_drop
95.164.131.0,2025-12-18T19:42:03.781412Z,spamhaus_drop
95.164.162.0,2025-12-18T19:42:03.781414Z,spamhaus_drop
95.213.154.0,2025-12-18T19:42:03.781415Z,spamhaus_drop
95.213.159.0,2025-12-18T19:42:03.781417Z,spamhaus_drop
96.31.94.0,2025-12-18T19:42:03.781418Z,spamhaus_drop
98.98.195.0,2025-12-18T19:42:03.781420Z,spamhaus_drop
